timestamp,eeg_value
778636,1749
778640,1895
778644,1965
778648,1868
778652,1731
778656,1712
778660,1884
778664,1937
778668,1870
778672,1723
778676,1769
778680,1879
778684,1906
778688,1824
778692,1739
778696,1815
778700,1903
778704,2065
778708,1893
778712,1743
778716,1631
778720,1915
778724,1984
778728,1840
778732,1744
778736,1820
778740,1947
778744,1911
778748,1835
778752,1711
778756,1575
778760,1903
778764,1943
778768,1845
778772,1699
778776,1778
778780,1869
778784,2042
778788,1818
778792,1681
778796,1760
778800,1895
778804,2026
778808,1833
778812,1727
778816,1660
778820,1934
778824,2017
778828,1803
778832,1721
778836,1781
778840,1857
778844,1981
778848,1808
778852,1712
778856,1780
778860,1845
778864,1939
778868,1869
778872,1728
778876,1791
778880,1907
778884,1914
778888,1849
778892,1717
778896,1790
778900,1828
778904,2100
778908,1904
778912,1697
778916,1756
778920,1892
778924,1967
778928,1847
778932,1747
778936,1639
778940,1847
778944,1980
778948,1849
778952,1690
778956,1602
778960,1927
778964,1893
778968,1855
778972,1671
778976,1589
778980,1917
778984,1942
778988,1798
778992,1559
778996,1723
779000,1976
779004,2026
779008,1867
779012,1707
779016,1645
779020,2002
779024,1981
779028,1871
779032,1685
779036,1712
779040,2045
779044,1906
779048,1820
779052,1665
779056,1811
779060,1943
779064,2026
779068,1840
779072,1695
779076,1664
779080,1969
779084,1873
779088,1816
779092,1661
779096,1776
779100,2005
779104,1943
779108,1904
779112,1603
779116,1779
779120,2014
779124,2000
779128,1900
779132,1733
779136,1693
779140,1957
779144,1903
779148,1841
779152,1599
779156,1744
779160,1917
779164,1910
779168,1822
779172,1678
779176,1749
779180,1837
779184,2032
779188,1851
779192,1601
779196,1719
779200,1792
779204,1841
779208,1840
779212,1587
779216,1807
779220,1842
779224,1972
779228,1845
779232,1679
779236,1813
779240,1900
779244,1965
779248,1851
779252,1685
779256,1799
779260,1928
779264,2004
779268,1920
779272,1718
779276,1741
779280,1892
779284,1900
779288,1857
779292,1587
779296,1639
779300,2054
779304,2035
779308,1865
779312,1653
779316,1872
779320,1964
779324,2005
779328,1886
779332,1655
779336,1682
779340,2046
779344,1973
779348,1961
779352,1759
779356,1841
779360,1983
779364,2017
779368,1877
779372,1681
779376,1935
779380,1993
779384,1922
779388,1898
779392,1634
779396,1680
779400,1983
779404,1997
779408,1859
779412,1583
779416,1856
779420,1970
779424,2011
779428,1865
779432,1605
779436,1775
779440,1957
779444,1932
779448,1800
779452,1535
779456,1775
779460,1951
779464,1918
779468,1801
779472,1712
779476,1825
779480,1918
779484,2004
779488,1867
779492,1583
779496,1815
779500,1951
779504,1923
779508,1759
779512,1437
779516,1690
779520,1907
779524,1997
779528,1904
779532,1505
779536,1707
779540,1907
779544,1905
779548,1838
779552,1492
779556,1712
779560,1931
779564,2037
779568,1881
779572,1573
779576,1827
779580,1909
779584,1872
779588,1712
779592,1583
779596,1746
779600,1948
779604,1934
779608,1827
779612,1603
779616,1739
779620,1989
779624,1985
779628,1780
779632,1485
779636,1599
779640,1968
779644,1987
779648,1814
779652,1526
779656,1712
779660,1927
779664,1851
779668,1813
779672,1510
779676,1635
779680,1974
779684,1943
779688,1837
779692,1645
779696,1825
779700,1906
779704,1978
779708,1818
779712,1648
779716,1826
779720,1901
779724,1945
779728,1851
779732,1616
779736,1777
779740,1883
779744,1932
779748,1765
779752,1609
779756,1610
779760,1919
779764,1904
779768,1808
779772,1609
779776,1727
779780,1894
779784,1914
779788,1793
779792,1694
779796,1744
779800,1900
779804,1802
779808,1807
779812,1629
779816,1718
779820,1856
779824,1938
779828,1786
779832,1706
779836,1775
779840,1894
779844,1904
779848,1747
779852,1683
779856,1795
779860,1840
779864,1975
779868,1779
779872,1650
779876,1799
779880,1857
779884,1853
779888,1777
779892,1680
779896,1861
779900,1920
779904,1808
779908,1776
779912,1633
779916,1811
779920,1887
779924,1871
779928,1783
779932,1602
779936,1795
779940,1872
779944,1933
779948,1750
779952,1593
779956,1776
779960,1881
779964,1968
779968,1792
779972,1607
779976,1783
779980,1825
779984,1796
779988,1797
779992,1740
779996,1827
780000,1910
780004,1914
780008,1722
780012,1474
780016,1757
780020,1905
780024,1936
780028,1823
780032,1557
780036,1817
780040,1898
780044,1730
780048,1819
780052,1439
780056,1750
780060,1875
780064,1904
780068,1769
780072,1479
780076,1760
780080,1889
780084,1863
780088,1772
780092,1507
780096,1809
780100,1985
780104,1890
780108,1753
780112,1535
780116,1849
780120,1946
780124,2006
780128,1777
780132,1472
780136,1795
780140,1969
780144,1969
780148,1764
780152,1618
780156,1817
780160,1904
780164,1981
780168,1773
780172,1708
780176,1769
780180,1886
780184,1793
780188,1810
780192,1680
780196,1785
780200,1904
780204,1879
780208,1776
780212,1792
780216,1869
780220,1978
780224,1787
780228,1875
780232,1744
780236,1841
780240,2000
780244,1783
780248,1814
780252,1703
780256,1875
780260,1998
780264,1808
780268,1824
780272,1693
780276,1802
780280,1907
780284,1927
780288,1833
780292,1642
780296,1813
780300,1963
780304,2022
780308,1817
780312,1748
780316,1794
780320,1934
780324,1861
780328,1899
780332,1714
780336,1936
780340,2020
780344,1931
780348,1862
780352,1493
780356,1875
780360,2007
780364,1826
780368,1854
780372,1590
780376,1863
780380,2034
780384,1971
780388,1851
780392,1526
780396,1840
780400,1984
780404,1895
780408,1856
780412,1701
780416,1866
780420,2021
780424,1943
780428,1858
780432,1661
780436,1840
780440,2000
780444,2027
780448,1853
780452,1520
780456,1922
780460,2029
780464,2096
780468,1804
780472,1757
780476,1920
780480,1998
780484,1895
780488,1801
780492,1686
780496,1871
780500,2014
780504,2039
780508,1737
780512,1600
780516,1907
780520,2090
780524,2017
780528,1834
780532,1712
780536,1918
780540,2095
780544,1855
780548,1808
780552,1773
780556,1964
780560,2118
780564,1973
780568,1849
780572,1757
780576,1914
780580,2160
780584,2059
780588,1839
780592,1645
780596,1957
780600,2065
780604,1974
780608,1803
780612,1766
780616,1917
780620,2096
780624,2006
780628,1843
780632,1679
780636,1925
780640,2063
780644,1993
780648,1904
780652,1695
780656,1937
780660,2101
780664,2000
780668,1937
780672,1771
780676,1968
780680,2105
780684,2039
780688,1919
780692,1776
780696,1952
780700,2194
780704,2007
780708,1857
780712,1787
780716,1984
780720,1995
780724,2000
780728,1881
780732,1769
780736,1987
780740,2109
780744,1931
780748,1859
780752,1744
780756,1871
780760,2069
780764,1968
780768,1856
780772,1742
780776,1958
780780,2112
780784,1974
780788,1810
780792,1807
780796,2000
780800,2107
780804,2125
780808,1808
780812,1803
780816,2032
780820,2027
780824,1986
780828,1825
780832,1829
780836,1987
780840,1999
780844,1953
780848,1822
780852,1715
780856,2017
780860,2074
780864,1904
780868,1835
780872,1876
780876,1975
780880,2075
780884,2037
780888,1857
780892,1837
780896,1939
780900,2033
780904,1818
780908,1808
780912,1791
780916,1971
780920,2031
780924,2087
780928,1895
780932,1742
780936,1941
780940,1965
780944,1879
780948,1904
780952,1671
780956,1979
780960,2064
780964,1837
780968,1782
780972,1713
780976,1955
780980,2142
780984,1898
780988,1898
780992,1722
780996,1936
781000,2117
781004,1957
781008,1808
781012,1771
781016,1934
781020,2083
781024,1986
781028,1888
781032,1778
781036,1966
781040,2055
781044,1863
781048,1876
781052,1704
781056,1931
781060,2042
781064,1856
781068,1868
781072,1744
781076,1904
781080,1983
781084,1885
781088,1815
781092,1619
781096,1943
781100,2073
781104,1825
781108,1796
781112,1744
781116,1950
781120,2004
781124,1966
781128,1825
781132,1689
781136,1967
781140,2023
781144,1886
781148,1840
781152,1717
781156,1905
781160,1957
781164,1955
781168,1844
781172,1667
781176,1936
781180,2035
781184,1779
781188,1782
781192,1654
781196,1963
781200,1931
781204,1914
781208,1830
781212,1701
781216,1906
781220,2004
781224,1941
781228,1802
781232,1724
781236,1968
781240,2096
781244,1975
781248,1875
781252,1698
781256,1906
781260,1961
781264,1924
781268,1795
781272,1695
781276,1887
781280,1947
781284,1967
781288,1798
781292,1761
781296,1937
781300,2000
781304,1867
781308,1777
781312,1713
781316,1955
781320,2011
781324,1995
781328,1817
781332,1680
781336,1956
781340,2005
781344,1878
781348,1825
781352,1622
781356,1903
781360,1952
781364,1898
781368,1783
781372,1809
781376,1891
781380,1939
781384,1876
781388,1786
781392,1760
781396,1887
781400,1961
781404,1918
781408,1755
781412,1749
781416,1966
781420,1962
781424,1954
781428,1787
781432,1693
781436,1921
781440,1899
781444,1893
781448,1859
781452,1731
781456,1945
781460,1946
781464,1922
781468,1843
781472,1671
781476,1946
781480,2011
781484,1893
781488,1797
781492,1764
781496,1931
781500,2119
781504,1937
781508,1819
781512,1648
781516,1907
781520,2126
781524,1903
781528,1786
781532,1756
781536,1966
781540,2081
781544,1872
781548,1776
781552,1771
781556,1932
781560,2011
781564,1927
781568,1796
781572,1712
781576,1926
781580,1988
781584,1954
781588,1779
781592,1798
781596,1857
781600,2043
781604,1968
781608,1820
781612,1713
781616,1937
781620,2076
781624,1921
781628,1792
781632,1762
781636,1920
781640,2081
781644,1965
781648,1770
781652,1825
781656,1952
781660,1980
781664,1934
781668,1779
781672,1726
781676,1861
781680,1939
781684,1866
781688,1770
781692,1749
781696,1931
781700,1982
781704,1876
781708,1703
781712,1680
781716,1830
781720,1911
781724,1902
781728,1714
781732,1767
781736,1893
781740,1933
781744,1878
781748,1738
781752,1754
781756,1907
781760,1975
781764,1840
781768,1723
781772,1721
781776,1898
781780,2032
781784,1904
781788,1780
781792,1785
781796,1924
781800,1999
781804,1871
781808,1701
781812,1745
781816,1893
781820,2006
781824,1854
781828,1714
781832,1609
781836,1890
781840,1936
781844,1829
781848,1712
781852,1791
781856,1871
781860,2065
781864,1859
781868,1710
781872,1715
781876,1903
781880,2127
781884,1893
781888,1702
781892,1840
781896,1909
781900,2083
781904,1889
781908,1745
781912,1733
781916,1891
781920,1994
781924,1834
781928,1680
781932,1743
781936,1924
781940,1891
781944,1863
781948,1624
781952,1665
781956,1968
781960,1899
781964,1869
781968,1593
781972,1680
781976,2043
781980,1969
781984,1870
781988,1716
781992,1782
781996,2014
782000,1943
782004,1873
782008,1683
782012,1796
782016,2030
782020,2071
782024,1859
782028,1616
782032,1695
782036,1962
782040,1879
782044,1824
782048,1616
782052,1714
782056,1961
782060,1949
782064,1870
782068,1686
782072,1646
782076,1958
782080,1906
782084,1819
782088,1718
782092,1798
782096,1899
782100,1911
782104,1855
782108,1636
782112,1697
782116,1872
782120,1961
782124,1920
782128,1758
782132,1779
782136,1891
782140,1940
782144,1879
782148,1699
782152,1783
782156,1852
782160,1953
782164,1852
782168,1581
782172,1662
782176,1853
782180,1996
782184,1840
782188,1584
782192,1813
782196,1906
782200,2000
782204,1890
782208,1728
782212,1777
782216,1904
782220,2042
782224,1940
782228,1680
782232,1738
782236,1931
782240,1969
782244,1918
782248,1729
782252,1744
782256,1981
782260,1941
782264,1834
782268,1694
782272,1831
782276,2031
782280,1959
782284,1890
782288,1713
782292,1811
782296,2014
782300,1971
782304,1858
782308,1741
782312,1815
782316,2006
782320,1987
782324,1895
782328,1731
782332,1804
782336,1970
782340,1958
782344,1889
782348,1745
782352,1862
782356,1950
782360,1968
782364,1805
782368,1680
782372,1744
782376,1990
782380,1954
782384,1840
782388,1611
782392,1923
782396,1955
782400,1963
782404,1850
782408,1600
782412,1709
782416,1941
782420,2005
782424,1947
782428,1646
782432,1939
782436,1922
782440,2000
782444,1869
782448,1745
782452,1678
782456,1933
782460,1894
782464,1904
782468,1718
782472,1840
782476,1924
782480,1971
782484,1827
782488,1773
782492,1967
782496,1975
782500,1941
782504,1902
782508,1664
782512,1999
782516,1968
782520,1952
782524,1905
782528,1708
782532,1745
782536,1936
782540,1966
782544,1890
782548,1712
782552,1740
782556,1852
782560,2069
782564,1904
782568,1772
782572,1903
782576,2020
782580,1961
782584,1840
782588,1767
782592,1920
782596,1983
782600,2021
782604,1828
782608,1653
782612,1906
782616,1977
782620,2032
782624,1860
782628,1698
782632,1904
782636,1966
782640,2001
782644,1905
782648,1729
782652,1892
782656,1954
782660,2037
782664,1876
782668,1781
782672,1906
782676,1967
782680,2105
782684,1951
782688,1734
782692,1872
782696,1967
782700,2009
782704,1872
782708,1722
782712,1812
782716,1978
782720,2089
782724,1874
782728,1761
782732,1944
782736,1952
782740,2034
782744,1924
782748,1858
782752,1793
782756,2014
782760,2064
782764,1919
782768,1753
782772,1920
782776,1993
782780,2016
782784,1928
782788,1808
782792,1947
782796,2001
782800,2091
782804,1911
782808,1830
782812,1962
782816,1994
782820,2025
782824,1954
782828,1840
782832,1970
782836,2015
782840,2069
782844,1919
782848,1830
782852,1982
782856,1986
782860,1872
782864,1879
782868,1837
782872,1928
782876,2013
782880,2063
782884,1882
782888,1776
782892,2021
782896,2046
782900,2064
782904,1936
782908,1877
782912,1994
782916,2070
782920,1915
782924,1911
782928,1840
782932,1870
782936,2010
782940,2063
782944,1901
782948,1739
782952,1858
782956,2032
782960,2056
782964,1861
782968,1520
782972,1922
782976,2071
782980,2057
782984,1901
782988,1632
782992,1917
782996,2007
783000,1895
783004,1836
783008,1586
783012,1968
783016,2098
783020,1908
783024,1861
783028,1510
783032,1862
783036,1949
783040,1828
783044,1834
783048,1491
783052,1874
783056,2019
783060,1895
783064,1904
783068,1623
783072,1921
783076,1914
783080,2001
783084,1862
783088,1624
783092,1936
783096,2077
783100,1906
783104,1715
783108,1642
783112,1910
783116,1999
783120,2010
783124,1853
783128,1761
783132,1900
783136,1991
783140,1948
783144,1842
783148,1621
783152,1872
783156,2032
783160,1955
783164,1899
783168,1672
783172,1902
783176,2001
783180,1969
783184,1887
783188,1697
783192,1878
783196,1975
783200,1921
783204,1863
783208,1671
783212,1829
783216,1963
783220,1930
783224,1843
783228,1679
783232,1941
783236,1995
783240,1943
783244,1859
783248,1738
783252,1850
783256,1968
783260,1943
783264,1840
783268,1530
783272,1834
783276,1984
783280,2005
783284,1867
783288,1555
783292,1854
783296,1961
783300,1881
783304,1882
783308,1623
783312,1857
783316,1943
783320,1865
783324,1873
783328,1589
783332,1915
783336,1963
783340,1885
783344,1867
783348,1504
783352,1908
783356,2016
783360,1977
783364,1878
783368,1619
783372,1843
783376,1939
783380,1854
783384,1859
783388,1501
783392,1825
783396,1986
783400,1940
783404,1788
783408,1629
783412,1824
783416,2002
783420,1808
783424,1739
783428,1678
783432,1867
783436,2032
783440,1971
783444,1778
783448,1744
783452,1849
783456,2066
783460,1991
783464,1766
783468,1639
783472,1850
783476,2013
783480,1903
783484,1737
783488,1609
783492,1850
783496,2005
783500,1892
783504,1731
783508,1683
783512,1835
783516,1957
783520,1901
783524,1789
783528,1644
783532,1869
783536,1968
783540,1979
783544,1808
783548,1764
783552,1886
783556,2070
783560,1751
783564,1819
783568,1680
783572,1851
783576,1983
783580,1955
783584,1838
783588,1661
783592,1917
783596,2136
783600,1843
783604,1886
783608,1654
783612,1888
783616,1959
783620,1823
783624,1830
783628,1720
783632,1872
783636,2039
783640,1975
783644,1888
783648,1674
783652,1867
783656,2085
783660,1927
783664,1842
783668,1579
783672,1933
783676,2107
783680,1924
783684,1813
783688,1770
783692,1843
783696,1973
783700,1975
783704,1808
783708,1765
783712,1897
783716,2095
783720,1936
783724,1764
783728,1753
783732,1894
783736,2064
783740,1995
783744,1755
783748,1739
783752,1927
783756,1975
783760,1934
783764,1729
783768,1659
783772,1906
783776,2001
783780,1991
783784,1793
783788,1745
783792,1895
783796,1983
783800,1895
783804,1671
783808,1648
783812,1878
783816,2051
783820,1970
783824,1797
783828,1731
783832,1979
783836,1984
783840,1883
783844,1822
783848,1678
783852,1835
783856,2016
783860,1837
783864,1808
783868,1758
783872,1935
783876,1955
783880,1969
783884,1843
783888,1764
783892,1929
783896,2005
783900,2042
783904,1881
783908,1639
783912,2003
783916,2057
783920,1943
783924,1811
783928,1670
783932,1911
783936,1981
783940,1865
783944,1843
783948,1670
783952,1951
783956,2032
783960,1819
783964,1778
783968,1623
783972,1879
783976,2095
783980,1839
783984,1781
783988,1665
783992,1953
783996,2068
784000,1887
784004,1774
784008,1698
784012,1904
784016,1968
784020,1745
784024,1818
784028,1681
784032,1917
784036,1990
784040,1855
784044,1744
784048,1619
784052,1920
784056,1927
784060,1882
784064,1789
784068,1734
784072,1919
784076,2016
784080,1909
784084,1744
784088,1696
784092,1906
784096,1984
784100,1981
784104,1774
784108,1671
784112,1904
784116,1995
784120,1984
784124,1768
784128,1657
784132,1849
784136,1962
784140,1902
784144,1803
784148,1709
784152,1895
784156,1949
784160,1759
784164,1739
784168,1668
784172,1929
784176,1885
784180,1885
784184,1774
784188,1722
784192,1896
784196,1907
784200,1750
784204,1744
784208,1600
784212,1941
784216,1979
784220,1873
784224,1770
784228,1571
784232,1878
784236,1894
784240,1840
784244,1744
784248,1629
784252,1903
784256,1899
784260,1770
784264,1790
784268,1712
784272,1934
784276,1909
784280,1830
784284,1725
784288,1778
784292,1893
784296,1933
784300,1758
784304,1747
784308,1718
784312,1861
784316,1933
784320,1865
784324,1733
784328,1753
784332,1877
784336,1927
784340,1845
784344,1753
784348,1657
784352,1871
784356,1926
784360,1937
784364,1804
784368,1641
784372,1933
784376,2062
784380,1853
784384,1823
784388,1778
784392,1875
784396,2023
784400,1881
784404,1766
784408,1715
784412,1888
784416,2078
784420,1933
784424,1810
784428,1886
784432,1935
784436,2067
784440,1952
784444,1873
784448,1605
784452,1980
784456,2149
784460,1934
784464,1787
784468,1793
784472,2019
784476,2064
784480,1926
784484,1781
784488,1872
784492,1914
784496,2080
784500,1891
784504,1775
784508,1833
784512,1936
784516,2089
784520,1911
784524,1813
784528,1761
784532,1932
784536,1987
784540,1992
784544,1764
784548,1711
784552,1919
784556,2075
784560,1968
784564,1735
784568,1824
784572,1913
784576,1945
784580,1805
784584,1789
784588,1729
784592,1907
784596,1868
784600,1842
784604,1701
784608,1617
784612,1868
784616,1915
784620,1955
784624,1663
784628,1759
784632,1895
784636,2068
784640,1884
784644,1809
784648,1779
784652,1938
784656,2149
784660,1891
784664,1779
784668,1807
784672,1930
784676,1906
784680,1931
784684,1728
784688,1794
784692,1943
784696,1844
784700,1915
784704,1670
784708,1789
784712,1852
784716,1859
784720,1862
784724,1695
784728,1679
784732,1867
784736,1979
784740,1950
784744,1744
784748,1808
784752,1947
784756,1969
784760,1921
784764,1740
784768,1690
784772,1949
784776,2002
784780,1897
784784,1712
784788,1852
784792,1985
784796,1959
784800,1867
784804,1646
784808,1616
784812,2064
784816,1985
784820,1879
784824,1665
784828,1649
784832,2023
784836,1968
784840,1841
784844,1675
784848,1744
784852,2046
784856,2000
784860,1823
784864,1594
784868,1791
784872,2107
784876,1920
784880,1840
784884,1584
784888,1805
784892,1969
784896,1927
784900,1893
784904,1677
784908,1706
784912,1983
784916,1983
784920,1856
784924,1607
784928,1786
784932,1950
784936,1935
784940,1845
784944,1632
784948,1749
784952,1955
784956,1925
784960,1875
784964,1535
784968,1745
784972,1891
784976,1921
784980,1809
784984,1705
784988,1776
784992,1873
784996,2000
785000,1872
785004,1702
785008,1733
785012,1844
785016,1904
785020,1813
785024,1633
785028,1693
785032,1863
785036,1946
785040,1840
785044,1571
785048,1824
785052,1893
785056,1914
785060,1791
785064,1662
785068,1803
785072,1898
785076,1872
785080,1856
785084,1616
785088,1791
785092,1936
785096,1808
785100,1842
785104,1518
785108,1744
785112,2010
785116,1877
785120,1771
785124,1582
785128,1642
785132,1968
785136,1904
785140,1878
785144,1591
785148,1782
785152,1927
785156,1863
785160,1645
785164,1645
785168,1782
785172,1975
785176,1815
785180,1808
785184,1649
785188,1658
785192,1944
785196,1842
785200,1775
785204,1616
785208,1699
785212,1901
785216,1871
785220,1776
785224,1617
785228,1688
785232,1856
785236,1932
785240,1789
785244,1505
785248,1744
785252,1868
785256,1908
785260,1719
785264,1491
785268,1634
785272,1882
785276,1872
785280,1776
785284,1456
785288,1612
785292,1856
785296,1933
785300,1863
785304,1520
785308,1749
785312,1846
785316,1916
785320,1863
785324,1663
785328,1744
785332,1861
785336,1946
785340,1789
785344,1535
785348,1712
785352,1946
785356,1867
785360,1703
785364,1631
785368,1626
785372,1915
785376,1837
785380,1766
785384,1535
785388,1707
785392,1894
785396,1919
785400,1849
785404,1571
785408,1811
785412,1919
785416,1924
785420,1791
785424,1535
785428,1759
785432,1873
785436,1975
785440,1776
785444,1702
785448,1647
785452,1883
785456,1845
785460,1765
785464,1585
785468,1574
785472,1942
785476,1930
785480,1833
785484,1495
785488,1796
785492,1855
785496,1862
785500,1733
785504,1575
785508,1753
785512,1863
785516,1941
785520,1770
785524,1674
785528,1803
785532,1898
785536,1917
785540,1793
785544,1635
785548,1744
785552,1882
785556,1877
785560,1795
785564,1677
785568,1669
785572,1853
785576,1933
785580,1861
785584,1579
785588,1809
785592,1865
785596,1856
785600,1755
785604,1643
785608,1890
785612,1854
785616,1955
785620,1750
785624,1681
785628,1855
785632,1855
785636,2019
785640,1798
785644,1693
785648,1779
785652,1943
785656,1965
785660,1776
785664,1750
785668,1835
785672,1887
785676,1813
785680,1714
785684,1600
785688,1794
785692,1893
785696,1965
785700,1790
785704,1649
785708,1855
785712,1875
785716,1918
785720,1759
785724,1680
785728,1882
785732,1946
785736,1968
785740,1755
785744,1605
785748,1799
785752,1882
785756,2011
785760,1790
785764,1505
785768,1867
785772,1957
785776,1840
785780,1840
785784,1535
785788,1798
785792,1940
785796,1807
785800,1782
785804,1535
785808,1906
785812,1889
785816,2112
785820,1749
785824,1592
785828,1879
785832,1981
785836,2034
785840,1771
785844,1640
785848,1829
785852,1978
785856,1963
785860,1791
785864,1581
785868,1907
785872,2020
785876,1997
785880,1855
785884,1515
785888,1877
785892,2004
785896,1979
785900,1840
785904,1682
785908,1877
785912,1986
785916,1978
785920,1782
785924,1659
785928,1943
785932,2000
785936,2023
785940,1888
785944,1647
785948,1998
785952,2032
785956,1905
785960,1833
785964,1787
785968,1899
785972,2096
785976,2000
785980,1878
785984,1750
785988,1930
785992,2027
785996,2036
786000,1820
786004,1682
786008,1928
786012,2079
786016,2032
786020,1895
786024,1658
786028,1881
786032,2004
786036,1979
786040,1876
786044,1607
786048,1949
786052,2015
786056,1984
786060,1859
786064,1768
786068,1845
786072,2015
786076,2000
786080,1891
786084,1752
786088,1855
786092,2000
786096,1925
786100,1897
786104,1648
786108,1836
786112,2057
786116,1998
786120,1904
786124,1705
786128,1914
786132,2059
786136,1961
786140,1871
786144,1679
786148,1872
786152,1965
786156,2033
786160,1860
786164,1714
786168,1872
786172,1968
786176,2001
786180,1787
786184,1817
786188,1981
786192,2120
786196,1966
786200,1794
786204,1805
786208,1929
786212,2046
786216,2019
786220,1719
786224,1695
786228,1872
786232,1986
786236,2054
786240,1815
786244,1779
786248,1947
786252,2000
786256,2000
786260,1730
786264,1670
786268,1837
786272,2004
786276,1919
786280,1827
786284,1819
786288,1883
786292,2115
786296,1939
786300,1819
786304,1744
786308,1916
786312,2095
786316,2003
786320,1855
786324,1680
786328,1949
786332,2010
786336,1968
786340,1872
786344,1733
786348,1936
786352,1993
786356,2005
786360,1873
786364,1734
786368,1838
786372,2032
786376,1919
786380,1890
786384,1493
786388,1889
786392,2047
786396,1839
786400,1942
786404,1689
786408,1837
786412,2064
786416,1981
786420,1891
786424,1776
786428,1943
786432,2128
786436,1906
786440,1839
786444,1773
786448,1875
786452,2007
786456,1921
786460,1759
786464,1727
786468,1872
786472,1997
786476,1955
786480,1727
786484,1696
786488,1813
786492,2010
786496,1870
786500,1799
786504,1778
786508,1890
786512,2017
786516,1935
786520,1779
786524,1785
786528,1898
786532,2047
786536,1865
786540,1739
786544,1723
786548,1923
786552,1922
786556,1887
786560,1739
786564,1719
786568,1842
786572,1932
786576,1841
786580,1781
786584,1805
786588,1849
786592,2073
786596,1984
786600,1771
786604,1703
786608,1907
786612,2084
786616,1855
786620,1903
786624,1617
786628,1965
786632,1920
786636,1936
786640,1824
786644,1645
786648,1909
786652,1979
786656,1883
786660,1806
786664,1690
786668,1872
786672,1997
786676,1839
786680,1791
786684,1649
786688,1835
786692,2064
786696,1936
786700,1777
786704,1640
786708,1909
786712,1939
786716,1911
786720,1795
786724,1664
786728,1891
786732,1962
786736,1984
786740,1824
786744,1684
786748,1925
786752,2018
786756,1938
786760,1767
786764,1729
786768,1972
786772,2096
786776,1749
786780,1786
786784,1667
786788,1869
786792,1975
786796,1744
786800,1785
786804,1635
786808,1911
786812,2026
786816,1887
786820,1763
786824,1626
786828,1922
786832,1962
786836,2021
786840,1743
786844,1727
786848,1919
786852,1894
786856,2019
786860,1789
786864,1696
786868,1911
786872,1981
786876,1937
786880,1757
786884,1697
786888,1889
786892,2029
786896,1959
786900,1789
786904,1743
786908,1936
786912,1941
786916,1857
786920,1828
786924,1701
786928,1962
786932,2037
786936,1968
786940,1866
786944,1841
786948,1886
786952,1879
786956,1854
786960,1795
786964,1838
786968,1983
786972,1963
786976,1872
786980,1763
786984,1891
786988,1946
786992,1980
786996,1843
787000,1808
787004,1619
787008,1979
787012,1934
787016,1937
787020,1764
787024,1622
787028,1891
787032,1980
787036,1902
787040,1793
787044,1828
787048,1889
787052,2012
787056,1993
787060,1853
787064,1847
787068,1993
787072,2007
787076,1890
787080,1820
787084,1795
787088,1946
787092,2056
787096,1864
787100,1809
787104,1831
787108,1904
787112,2075
787116,1936
787120,1808
787124,1862
787128,1925
787132,2111
787136,1952
787140,1779
787144,1837
787148,1957
787152,2063
787156,1968
787160,1823
787164,1920
787168,2032
787172,2095
787176,1987
787180,1823
787184,1870
787188,1955
787192,2160
787196,1968
787200,1813
787204,1919
787208,2006
787212,2064
787216,1941
787220,1776
787224,1666
787228,2021
787232,2121
787236,1965
787240,1811
787244,1807
787248,1947
787252,2039
787256,1936
787260,1836
787264,1876
787268,2015
787272,2103
787276,1956
787280,1799
787284,1809
787288,1957
787292,2098
787296,1917
787300,1840
787304,1947
787308,2001
787312,2137
787316,1949
787320,1830
787324,1858
787328,1926
787332,2117
787336,1914
787340,1812
787344,1892
787348,1986
787352,2085
787356,1968
787360,1798
787364,1691
787368,1914
787372,2100
787376,1957
787380,1808
787384,1733
787388,1954
787392,2121
787396,1987
787400,1793
787404,1872
787408,1969
787412,2124
787416,2022
787420,1823
787424,1980
787428,1950
787432,2197
787436,1885
787440,1743
787444,1709
787448,1923
787452,2079
787456,2018
787460,1810
787464,1875
787468,1928
787472,2071
787476,1926
787480,1776
787484,1886
787488,1998
787492,2155
787496,1953
787500,1751
787504,1746
787508,1918
787512,2081
787516,1940
787520,1838
787524,1791
787528,1980
787532,1975
787536,1873
787540,1737
787544,1738
787548,2112
787552,1936
787556,1936
787560,1616
787564,1648
787568,2065
787572,2042
787576,1950
787580,1718
787584,1744
787588,2057
787592,2065
787596,1907
787600,1749
787604,1862
787608,2079
787612,2108
787616,1911
787620,1773
787624,1723
787628,2044
787632,2067
787636,1885
787640,1655
787644,1807
787648,2070
787652,1955
787656,1906
787660,1749
787664,1728
787668,2025
787672,2042
787676,1905
787680,1692
787684,1767
787688,1970
787692,2097
787696,1939
787700,1738
787704,1854
787708,1949
787712,1975
787716,1904
787720,1726
787724,1827
787728,1917
787732,2097
787736,1856
787740,1773
787744,1744
787748,1856
787752,2057
787756,1921
787760,1699
787764,1834
787768,1943
787772,2078
787776,1936
787780,1617
787784,1817
787788,1904
787792,2021
787796,1853
787800,1556
787804,1712
787808,1941
787812,2097
787816,1882
787820,1643
787824,1729
787828,2035
787832,2034
787836,1853
787840,1655
787844,1650
787848,2082
787852,2017
787856,1938
787860,1712
787864,1818
787868,2007
787872,1999
787876,1904
787880,1696
787884,1831
787888,2047
787892,1953
787896,1919
787900,1711
787904,1841
787908,1998
787912,2009
787916,1899
787920,1728
787924,1759
787928,2064
787932,2064
787936,1970
787940,1744
787944,1888
787948,1986
787952,2064
787956,1941
787960,1727
787964,1773
787968,2042
787972,2043
787976,1925
787980,1581
787984,1861
787988,1935
787992,2093
787996,1863
788000,1712
788004,1791
788008,1954
788012,2107
788016,1827
788020,1667
788024,1599
788028,1899
788032,1995
788036,1888
788040,1737
788044,1839
788048,1989
788052,1987
788056,1891
788060,1659
788064,1839
788068,1932
788072,2097
788076,1975
788080,1612
788084,1975
788088,1905
788092,1977
788096,1904
788100,1618
788104,1808
788108,1975
788112,1956
788116,1840
788120,1634
788124,1779
788128,2001
788132,2003
788136,1840
788140,1618
788144,1811
788148,1962
788152,1952
788156,1907
788160,1707
788164,1744
788168,1992
788172,1967
788176,1920
788180,1673
788184,1750
788188,1959
788192,2061
788196,1815
788200,1725
788204,1807
788208,1943
788212,1865
788216,1769
788220,1682
788224,1649
788228,1916
788232,1918
788236,1834
788240,1691
788244,1838
788248,1871
788252,1927
788256,1851
788260,1711
788264,1850
788268,1954
788272,1882
788276,1871
788280,1601
788284,1638
788288,1893
788292,1962
788296,1862
788300,1758
788304,1812
788308,1872
788312,1825
788316,1808
788320,1741
788324,1840
788328,1877
788332,1937
788336,1809
788340,1737
788344,1772
788348,1912
788352,1935
788356,1790
788360,1776
788364,1860
788368,1947
788372,1922
788376,1833
788380,1775
788384,1853
788388,1922
788392,1889
788396,1865
788400,1712
788404,1888
788408,1903
788412,1985
788416,1776
788420,1681
788424,1795
788428,1886
788432,2000
788436,1842
788440,1723
788444,1893
788448,1885
788452,1886
788456,1759
788460,1595
788464,1795
788468,1911
788472,1970
788476,1806
788480,1647
788484,1819
788488,1879
788492,1930
788496,1866
788500,1556
788504,1761
788508,1934
788512,1916
788516,1809
788520,1455
788524,1786
788528,1905
788532,1894
788536,1783
788540,1469
788544,1840
788548,1965
788552,1805
788556,1826
788560,1566
788564,1816
788568,1958
788572,1901
788576,1829
788580,1530
788584,1777
788588,1919
788592,1887
788596,1821
788600,1535
788604,1904
788608,1978
788612,2039
788616,1841
788620,1645
788624,1872
788628,1891
788632,1995
788636,1827
788640,1718
788644,1835
788648,2007
788652,1942
788656,1840
788660,1673
788664,1817
788668,1973
788672,1767
788676,1857
788680,1776
788684,1840
788688,2023
788692,1892
788696,1888
788700,1814
788704,1920
788708,2015
788712,1951
788716,1824
788720,1725
788724,1903
788728,1969
788732,1951
788736,1829
788740,1701
788744,1894
788748,2037
788752,1890
788756,1846
788760,1616
788764,1868
788768,2032
788772,1913
788776,1854
788780,1680
788784,1874
788788,2012
788792,1894
788796,1887
788800,1716
788804,1919
788808,2018
788812,1943
788816,1825
788820,1690
788824,1883
788828,1911
788832,2023
788836,1866
788840,1739
788844,1918
788848,1991
788852,2011
788856,1882
788860,1648
788864,1818
788868,2067
788872,1850
788876,1899
788880,1648
788884,1828
788888,2020
788892,1946
788896,1866
788900,1454
788904,1871
788908,2008
788912,1921
788916,1872
788920,1615
788924,1874
788928,1987
788932,1983
788936,1675
788940,1591
788944,1872
788948,1987
788952,1933
788956,1779
788960,1781
788964,1936
788968,2122
788972,1956
788976,1728
788980,1734
788984,1827
788988,1996
788992,1995
788996,1781
789000,1756
789004,1868
789008,2028
789012,1819
789016,1744
789020,1727
789024,1904
789028,2064
789032,1878
789036,1754
789040,1728
789044,1933
789048,2064
789052,1786
789056,1831
789060,1726
789064,1886
789068,2075
789072,1967
789076,1863
789080,1648
789084,1931
789088,2080
789092,1823
789096,1933
789100,1590
789104,1898
789108,2021
789112,2001
789116,1923
789120,1734
789124,1887
789128,2066
789132,1932
789136,1890
789140,1680
789144,1910
789148,1986
789152,1954
789156,1883
789160,1724
789164,1805
789168,2090
789172,1913
789176,1860
789180,1685
789184,1839
789188,1977
789192,1860
789196,1718
789200,1627
789204,1903
789208,1968
789212,1925
789216,1749
789220,1696
789224,1859
789228,2033
789232,1838
789236,1716
789240,1777
789244,1865
789248,2008
789252,1936
789256,1697
789260,1760
789264,1923
789268,2064
789272,1808
789276,1795
789280,1690
789284,1906
789288,1979
789292,1973
789296,1637
789300,1614
789304,1895
789308,2000
789312,1874
789316,1751
789320,1630
789324,1834
789328,1973
789332,1773
789336,1744
789340,1611
789344,1823
789348,1953
789352,2006
789356,1776
789360,1749
789364,1898
789368,2013
789372,1897
789376,1851
789380,1651
789384,1901
789388,2077
789392,1934
789396,1828
789400,1621
789404,1865
789408,2004
789412,1935
789416,1790
789420,1686
789424,1811
789428,2068
789432,1892
789436,1776
789440,1728
789444,848
789448,2001
789452,1844
789456,1744
789460,842
789464,1214
789468,1636
789472,1689
789476,1463
789480,613
789484,929
789488,1730
789492,1678
789496,1614
789500,1500
789504,1745
789508,1959
789512,1833
789516,1720
789520,1624
789524,1859
789528,1925
789532,1925
789536,1726
789540,1648
789544,1799
789548,1981
789552,1942
789556,1757
789560,1664
789564,1841
789568,2060
789572,1943
789576,1750
789580,1631
789584,1867
789588,2060
789592,1934
789596,1744
789600,1626
789604,1943
789608,2023
789612,1919
789616,1791
789620,1524
789624,1804
789628,2057
789632,1930
789636,1740
789640,1441
789644,1819
789648,2000
789652,1831
789656,1681
789660,1335
789664,1708
789668,1971
789672,1773
789676,1709
789680,1216
789684,1687
789688,2001
789692,1961
789696,1782
789700,1206
789704,1680
789708,2082
789712,1903
789716,1807
789720,1233
789724,1670
789728,1982
789732,2008
789736,1726
789740,1267
789744,1695
789748,1910
789752,1921
789756,1747
789760,1331
789764,1734
789768,2088
789772,1922
789776,1705
789780,1315
789784,1776
789788,1936
789792,1824
789796,1673
789800,1521
789804,1783
789808,1965
789812,1914
789816,1793
789820,1419
789824,1786
789828,1935
789832,1979
789836,1745
789840,1232
789844,1835
789848,1865
789852,2010
789856,1646
789860,1169
789864,1712
789868,1876
789872,1898
789876,1711
789880,1351
789884,1739
789888,2087
789892,1849
789896,1680
789900,1221
789904,1681
789908,2172
789912,1903
789916,1700
789920,1308
789924,1765
789928,2126
789932,1965
789936,1712
789940,1330
789944,1727
789948,2111
789952,1972
789956,1664
789960,1396
789964,1719
789968,1927
789972,1860
789976,1591
789980,1277
789984,1856
789988,2136
789992,1988
789996,1676
790000,1162
790004,1697
790008,2179
790012,1792
790016,1591
790020,1263
790024,1757
790028,2122
790032,1903
790036,1684
790040,1467
790044,1819
790048,1931
790052,1939
790056,1582
790060,1718
790064,1853
790068,1973
790072,1930
790076,1667
790080,1635
790084,1858
790088,1917
790092,1794
790096,1642
790100,1710
790104,1831
790108,1849
790112,1783
790116,1613
790120,1671
790124,1909
790128,1886
790132,1829
790136,1680
790140,1584
790144,1856
790148,1897
790152,1815
790156,1623
790160,1601
790164,1854
790168,1863
790172,1842
790176,1614
790180,1757
790184,1783
790188,1903
790192,1802
790196,1639
790200,1638
790204,1825
790208,1997
790212,1805
790216,1698
790220,1674
790224,1856
790228,1901
790232,1749
790236,1687
790240,1616
790244,1853
790248,1861
790252,1710
790256,1575
790260,1701
790264,1779
790268,1933
790272,1823
790276,1668
790280,1679
790284,1806
790288,1934
790292,1808
790296,1654
790300,1605
790304,1852
790308,1901
790312,1741
790316,1677
790320,1475
790324,1943
790328,1855
790332,1766
790336,1621
790340,1605
790344,1914
790348,1885
790352,1873
790356,1609
790360,1535
790364,1991
790368,1904
790372,1788
790376,1584
790380,1690
790384,1949
790388,1955
790392,1749
790396,1655
790400,1681
790404,1968
790408,1976
790412,1821
790416,1490
790420,1554
790424,1939
790428,1882
790432,1829
790436,1363
790440,1137
790444,1689
790448,1994
790452,1933
790456,1479
790460,967
790464,1860
790468,2276
790472,1965
790476,1437
790480,873
790484,1861
790488,2227
790492,1873
790496,1326
790500,1222
790504,1919
790508,2323
790512,2000
790516,1231
790520,1164
790524,1835
790528,2161
790532,2035
790536,1337
790540,1071
790544,1819
790548,2224
790552,2045
790556,1715
790560,1699
790564,1817
790568,2059
790572,1846
790576,1691
790580,1778
790584,1779
790588,1968
790592,1833
790596,1713
790600,1780
790604,1941
790608,2065
790612,1861
790616,1781
790620,1898
790624,1867
790628,1958
790632,1790
790636,1777
790640,1796
790644,1921
790648,2014
790652,1887
790656,1732
790660,1710
790664,1937
790668,1997
790672,1963
790676,1439
790680,850
790684,1961
790688,2267
790692,2097
790696,1466
790700,1103
790704,2086
790708,2350
790712,2129
790716,1457
790720,1230
790724,2062
790728,2446
790732,2148
790736,1600
790740,1454
790744,1968
790748,2237
790752,2099
790756,1837
790760,1903
790764,1998
790768,2082
790772,1943
790776,1702
790780,1822
790784,1968
790788,2067
790792,2043
790796,1684
790800,1922
790804,1943
790808,2078
790812,1904
790816,1741
790820,1770
790824,1984
790828,2182
790832,1952
790836,1777
790840,1710
790844,1895
790848,2066
790852,2047
790856,1613
790860,1532
790864,2006
790868,2123
790872,1966
790876,1535
790880,1838
790884,1963
790888,2117
790892,1948
790896,1585
790900,1931
790904,1959
790908,2064
790912,1887
790916,1651
790920,1927
790924,1967
790928,2061
790932,1898
790936,1687
790940,1883
790944,1991
790948,2037
790952,1951
790956,1789
790960,1879
790964,2009
790968,2075
790972,1971
790976,1724
790980,1937
790984,2023
790988,2121
790992,1917
790996,1635
791000,1893
791004,2017
791008,2041
791012,1987
791016,1759
791020,1840
791024,2018
791028,2211
791032,1893
791036,1841
791040,1872
791044,1985
791048,1946
791052,1941
791056,1378
791060,1217
791064,1827
791068,2367
791072,2101
791076,1213
791080,1168
791084,1834
791088,2353
791092,2195
791096,1161
791100,1161
791104,1839
791108,2262
791112,2147
791116,1331
791120,1270
791124,1985
791128,2352
791132,2028
791136,1396
791140,1634
791144,1980
791148,2083
791152,1863
791156,1913
791160,1922
791164,1916
791168,1795
791172,1835
791176,1791
791180,1861
791184,1983
791188,1925
791192,1933
791196,1742
791200,1952
791204,1958
791208,2069
791212,1895
791216,1824
791220,1872
791224,1749
791228,1966
791232,2039
791236,1425
791240,1258
791244,1922
791248,2315
791252,2117
791256,1263
791260,1267
791264,2075
791268,2242
791272,2171
791276,1155
791280,1360
791284,2031
791288,2229
791292,2065
791296,1431
791300,1487
791304,1948
791308,1842
791312,1828
791316,1687
791320,1875
791324,1930
791328,1823
791332,1815
791336,1758
791340,1813
791344,1947
791348,1888
791352,1802
791356,1595
791360,1786
791364,1942
791368,1889
791372,1884
791376,1375
791380,1855
791384,1937
791388,1879
791392,1845
791396,1329
791400,1305
791404,1827
791408,2256
791412,1917
791416,1018
791420,1263
791424,2007
791428,2381
791432,2001
791436,870
791440,1348
791444,2079
791448,2139
791452,1971
791456,1381
791460,1824
791464,2035
791468,1839
791472,1781
791476,1455
791480,1854
791484,1965
791488,2000
791492,1781
791496,1619
791500,1878
791504,1907
791508,1937
791512,1740
791516,1829
791520,1869
791524,1934
791528,1937
791532,1830
791536,1731
791540,1787
791544,1983
791548,1797
791552,1835
791556,1453
791560,1429
791564,1962
791568,2235
791572,2005
791576,1338
791580,1411
791584,2082
791588,2336
791592,2041
791596,1303
791600,1461
791604,2096
791608,2160
791612,2032
791616,1302
791620,1423
791624,1985
791628,1968
791632,1859
791636,1670
791640,1871
791644,1997
791648,2003
791652,1834
791656,1602
791660,1859
791664,1999
791668,1879
791672,1847
791676,1635
791680,1844
791684,2031
791688,1984
791692,1863
791696,1649
791700,1936
791704,2011
791708,1963
791712,1849
791716,1715
791720,1936
791724,2027
791728,1904
791732,1877
791736,1616
791740,1783
791744,2014
791748,1891
791752,1874
791756,1616
791760,1872
791764,2029
791768,2005
791772,1858
791776,1682
791780,1913
791784,1983
791788,1885
791792,1847
791796,1794
791800,1907
791804,1962
791808,2026
791812,1744
791816,1712
791820,1885
791824,2011
791828,2043
791832,1763
791836,1694
791840,1883
791844,2068
791848,1877
791852,1749
791856,1587
791860,1870
791864,2015
791868,2000
791872,1838
791876,1675
791880,1831
791884,1968
791888,1975
791892,1858
791896,1664
791900,1904
791904,1987
791908,1961
791912,1839
791916,1709
791920,1881
791924,2124
791928,1886
791932,1811
791936,1635
791940,1893
791944,1989
791948,1968
791952,1828
791956,1702
791960,1834
791964,2058
791968,1879
791972,1793
791976,1680
791980,1406
791984,2064
791988,2127
791992,1854
791996,1211
792000,1488
792004,2194
792008,2176
792012,1869
792016,1167
792020,1469
792024,2075
792028,2081
792032,1979
792036,1346
792040,1728
792044,2092
792048,1936
792052,1823
792056,1682
792060,1923
792064,2096
792068,2063
792072,1810
792076,1667
792080,1825
792084,2026
792088,1887
792092,1811
792096,1652
792100,1923
792104,2045
792108,1963
792112,1904
792116,1765
792120,1859
792124,2009
792128,2025
792132,1762
792136,1590
792140,1559
792144,2138
792148,2220
792152,1787
792156,1249
792160,1517
792164,2223
792168,2286
792172,1763
792176,1114
792180,1491
792184,2102
792188,2070
792192,1776
792196,1061
792200,1651
792204,2083
792208,2012
792212,1807
792216,1581
792220,1855
792224,1990
792228,1929
792232,1827
792236,1803
792240,1920
792244,2097
792248,1935
792252,1742
792256,1734
792260,1899
792264,1955
792268,1921
792272,1783
792276,1754
792280,1819
792284,2068
792288,1756
792292,1851
792296,1715
792300,1923
792304,1975
792308,1871
792312,1857
792316,1695
792320,1893
792324,2046
792328,1999
792332,1791
792336,1659
792340,1941
792344,2030
792348,2047
792352,1842
792356,1872
792360,1923
792364,2101
792368,1927
792372,1871
792376,1732
792380,1945
792384,2112
792388,1861
792392,1811
792396,1519
792400,1952
792404,2081
792408,1872
792412,1830
792416,1735
792420,1965
792424,2002
792428,1924
792432,1782
792436,1725
792440,1891
792444,1953
792448,1798
792452,1819
792456,1691
792460,1850
792464,2085
792468,1959
792472,1783
792476,1730
792480,1907
792484,2043
792488,1957
792492,1840
792496,1676
792500,1929
792504,2110
792508,2096
792512,1784
792516,1662
792520,1985
792524,2157
792528,2099
792532,1741
792536,1705
792540,1891
792544,2057
792548,1883
792552,1818
792556,1729
792560,1776
792564,2141
792568,1899
792572,1834
792576,1563
792580,1963
792584,2128
792588,2055
792592,1897
792596,1729
792600,1904
792604,2153
792608,1835
792612,1855
792616,1679
792620,1931
792624,2002
792628,1904
792632,1776
792636,1709
792640,1843
792644,1927
792648,1919
792652,1779
792656,1584
792660,1771
792664,2083
792668,1930
792672,1825
792676,1606
792680,1730
792684,1978
792688,1898
792692,1855
792696,1635
792700,1813
792704,1969
792708,2003
792712,1823
792716,1639
792720,1845
792724,2032
792728,2005
792732,1814
792736,1414
792740,1706
792744,2002
792748,1941
792752,1818
792756,1621
792760,1733
792764,2041
792768,1890
792772,1843
792776,1520
792780,1867
792784,2062
792788,1950
792792,1943
792796,1573
792800,1875
792804,1995
792808,1974
792812,1865
792816,1694
792820,1857
792824,2043
792828,1936
792832,1809
792836,1507
792840,1833
792844,2029
792848,1950
792852,1834
792856,1635
792860,1808
792864,2143
792868,1879
792872,1838
792876,1602
792880,1836
792884,2128
792888,2015
792892,1763
792896,1520
792900,1792
792904,2031
792908,1975
792912,1755
792916,1459
792920,1633
792924,2055
792928,1949
792932,1744
792936,1430
792940,1717
792944,2000
792948,1895
792952,1744
792956,1486
792960,1789
792964,2001
792968,1834
792972,1648
792976,1577
792980,1836
792984,2096
792988,1827
792992,1746
792996,1623
793000,1872
793004,2035
793008,1808
793012,1682
793016,1365
793020,1747
793024,1911
793028,1929
793032,1687
793036,1233
793040,1792
793044,1868
793048,1872
793052,1648
793056,1373
793060,1808
793064,1846
793068,1869
793072,1691
793076,1603
793080,1955
793084,1968
793088,1895
793092,1671
793096,1730
793100,1895
793104,1921
793108,1872
793112,1730
793116,1728
793120,1894
793124,2064
793128,1858
793132,1726
793136,1659
793140,1919
793144,2059
793148,1811
793152,1782
793156,1642
793160,1909
793164,1863
793168,1848
793172,1636
793176,1829
793180,1885
793184,2032
793188,1799
793192,1671
793196,1687
793200,1836
793204,1930
793208,1735
793212,1705
793216,1698
793220,1861
793224,1919
793228,1786
793232,1645
793236,1598
793240,1893
793244,1975
793248,1889
793252,1730
793256,1803
793260,1876
793264,1911
793268,1838
793272,1680
793276,1776
793280,1849
793284,2032
793288,1884
793292,1671
793296,1702
793300,1872
793304,2135
793308,1721
793312,1728
793316,1713
793320,2035
793324,1915
793328,1846
793332,1702
793336,1734
793340,2030
793344,1909
793348,1803
793352,1696
793356,1728
793360,2034
793364,1970
793368,1895
793372,1655
793376,1712
793380,2001
793384,1979
793388,1844
793392,1671
793396,1647
793400,1950
793404,1961
793408,1755
793412,1642
793416,1655
793420,1957
793424,1918
793428,1790
793432,1665
793436,1727
793440,1966
793444,2005
793448,1777
793452,1602
793456,1761
793460,1873
793464,2039
793468,1789
793472,1681
793476,1712
793480,1861
793484,2004
793488,1758
793492,1637
793496,1705
793500,1840
793504,2004
793508,1807
793512,1628
793516,1563
793520,1833
793524,1851
793528,1823
793532,1408
793536,1637
793540,1840
793544,2042
793548,1897
793552,1475
793556,1673
793560,1802
793564,1999
793568,1829
793572,1601
793576,1701
793580,1856
793584,2055
793588,1812
793592,1535
793596,1634
793600,1942
793604,1923
793608,1807
793612,1683
793616,1664
793620,1936
793624,1934
793628,1790
793632,1568
793636,1617
793640,2107
793644,1968
793648,1935
793652,1643
793656,1735
793660,1992
793664,1986
793668,1870
793672,1589
793676,1636
793680,2063
793684,2064
793688,1858
793692,1535
793696,1733
793700,2033
793704,1909
793708,1892
793712,1584
793716,1754
793720,2025
793724,1889
793728,1788
793732,1584
793736,1516
793740,1952
793744,1921
793748,1839
793752,1457
793756,1760
793760,1909
793764,2011
793768,1815
793772,1609
793776,1808
793780,1903
793784,1985
793788,1851
793792,1637
793796,1840
793800,1936
793804,2000
793808,1840
793812,1520
793816,1710
793820,1936
793824,1839
793828,1833
793832,1648
793836,1770
793840,1888
793844,2027
793848,1721
793852,1616
793856,1808
793860,1891
793864,2017
793868,1769
793872,1414
793876,1872
793880,1937
793884,2128
793888,1808
793892,1713
793896,1744
793900,1903
793904,1947
793908,1863
793912,1662
793916,1626
793920,1981
793924,1936
793928,1841
793932,1596
793936,1725
793940,1963
793944,1990
793948,1878
793952,1488
793956,1778
793960,1960
793964,1943
793968,1776
793972,1582
793976,1783
793980,1924
793984,1987
793988,1832
793992,1593
793996,1697
794000,1955
794004,2033
794008,1782
794012,1523
794016,1535
794020,2009
794024,1955
794028,1839
794032,1606
794036,1661
794040,1926
794044,1968
794048,1868
794052,1535
794056,1734
794060,1973
794064,1938
794068,1855
794072,1472
794076,1603
794080,1895
794084,1838
794088,1824
794092,1510
794096,1757
794100,1904
794104,2064
794108,1793
794112,1712
794116,1683
794120,1927
794124,1853
794128,1744
794132,1730
794136,1769
794140,1904
794144,1978
794148,1764
794152,1762
794156,1771
794160,1915
794164,1749
794168,1805
794172,1662
794176,1904
794180,1904
794184,1933
794188,1822
794192,1711
794196,1827
794200,1907
794204,2000
794208,1809
794212,1734
794216,1878
794220,2032
794224,1872
794228,1822
794232,1644
794236,1883
794240,1914
794244,1952
794248,1883
794252,1697
794256,1797
794260,1947
794264,1918
794268,1841
794272,1678
794276,1802
794280,1925
794284,1823
794288,1833
794292,1697
794296,1799
794300,1924
794304,1780
794308,1841
794312,1712
794316,1833
794320,1902
794324,2098
794328,1875
794332,1573
794336,1798
794340,1936
794344,1933
794348,1795
794352,1535
794356,1759
794360,1965
794364,1933
794368,1771
794372,1279
794376,1717
794380,1868
794384,1966
794388,1835
794392,1450
794396,1828
794400,1950
794404,1957
794408,1819
794412,1495
794416,1798
794420,1887
794424,1989
794428,1794
794432,1413
794436,1830
794440,1975
794444,1964
794448,1808
794452,1567
794456,1769
794460,2007
794464,1937
794468,1888
794472,1495
794476,1776
794480,1942
794484,1776
794488,1783
794492,1411
794496,1852
794500,1909
794504,1719
794508,1811
794512,1494
794516,1779
794520,1936
794524,1876
794528,1850
794532,1561
794536,1866
794540,1967
794544,1904
794548,1834
794552,1589
794556,1844
794560,1959
794564,1888
794568,1901
794572,1680
794576,1885
794580,2005
794584,1937
794588,1782
794592,1629
794596,1766
794600,1938
794604,1693
794608,1819
794612,1670
794616,1808
794620,1874
794624,1947
794628,1891
794632,1566
794636,1702
794640,1936
794644,1906
794648,1828
794652,1474
794656,1731
794660,2000
794664,1798
794668,1836
794672,1432
794676,1737
794680,1960
794684,1921
794688,1786
794692,1589
794696,1792
794700,1937
794704,1891
794708,1779
794712,1678
794716,1799
794720,1930
794724,1904
794728,1751
794732,1581
794736,1797
794740,1985
794744,1889
794748,1863
794752,1729
794756,1830
794760,1966
794764,1811
794768,1810
794772,1433
794776,1865
794780,1969
794784,1968
794788,1823
794792,1660
794796,1851
794800,1922
794804,1931
794808,1763
794812,1585
794816,1757
794820,1963
794824,1840
794828,1792
794832,1703
794836,1769
794840,1993
794844,1950
794848,1737
794852,1587
794856,1535
794860,2019
794864,1728
794868,1761
794872,1407
794876,1729
794880,1920
794884,1847
794888,1754
794892,1347
794896,1519
794900,1871
794904,2017
794908,1711
794912,1490
794916,1774
794920,2011
794924,1899
794928,1604
794932,1650
794936,1821
794940,1983
794944,1921
794948,1745
794952,1591
794956,1776
794960,1975
794964,1725
794968,1844
794972,1633
794976,1894
794980,1997
794984,2029
794988,1748
794992,1678
794996,1844
795000,1927
795004,2000
795008,1815
795012,1709
795016,1823
795020,1953
795024,1945
795028,1859
795032,1568
795036,1917
795040,2098
795044,1860
795048,1826
795052,1600
795056,1859
795060,1895
795064,1834
795068,1803
795072,1277
795076,1744
795080,1968
795084,1990
795088,1942
795092,1613
795096,1779
795100,1942
795104,1904
795108,1758
795112,1630
795116,1765
795120,2203
795124,1967
795128,1783
795132,1621
795136,1910
795140,1968
795144,1796
795148,1728
795152,1719
795156,1941
795160,2099
795164,1982
795168,1792
795172,1722
795176,1951
795180,2010
795184,1872
795188,1775
795192,1744
795196,1950
795200,2062
795204,1926
795208,1770
795212,1843
795216,1916
795220,2045
795224,1955
795228,1730
795232,1739
795236,1825
795240,2153
795244,2064
795248,1781
795252,1575
795256,1824
795260,2064
795264,2065
795268,1803
795272,1699
795276,1883
795280,2109
795284,1873
795288,1764
795292,1701
795296,1867
795300,2100
795304,1925
795308,1840
795312,1794
795316,2029
795320,2005
795324,1957
795328,1853
795332,1776
795336,2011
795340,2156
795344,1953
795348,1887
795352,1715
795356,1955
795360,2139
795364,1857
795368,1921
795372,1775
795376,2036
795380,2129
795384,1941
795388,1870
795392,1724
795396,1915
795400,2027
795404,2069
795408,1863
795412,1701
795416,1987
795420,2112
795424,1973
795428,1858
795432,1735
795436,2013
795440,2054
795444,2021
795448,1891
795452,1791
795456,1925
795460,2128
795464,2058
795468,1870
795472,1811
795476,1916
795480,1991
795484,1939
795488,1857
795492,1648
795496,1966
795500,2058
795504,1935
795508,1775
795512,1499
795516,1968
795520,1969
795524,1767
795528,1759
795532,1709
795536,1971
795540,2005
795544,2065
795548,1798
795552,1735
795556,1871
795560,2066
795564,2017
795568,1834
795572,671
795576,1440
795580,1967
795584,1895
795588,1594
795592,885
795596,1328
795600,2064
795604,1898
795608,1667
795612,999
795616,1449
795620,1978
795624,1877
795628,1642
795632,1023
795636,1488
795640,2018
795644,2031
795648,1743
795652,1603
795656,1646
795660,1947
795664,2001
795668,1825
795672,1669
795676,1907
795680,1957
795684,1872
795688,1805
795692,1559
795696,1889
795700,1968
795704,1915
795708,1840
795712,1535
795716,1968
795720,1921
795724,1829
795728,1751
795732,1777
795736,1946
795740,2006
795744,1984
795748,1783
795752,1775
795756,1883
795760,1911
795764,1894
795768,1792
795772,1773
795776,1920
795780,2015
795784,1890
795788,1843
795792,1701
795796,1907
795800,1941
795804,1904
795808,1797
795812,1744
795816,1996
795820,1904
795824,1934
795828,1791
795832,1587
795836,2022
795840,1951
795844,1936
795848,1770
795852,1828
795856,1905
795860,2001
795864,1935
795868,1823
795872,1735
795876,1968
795880,2021
795884,1884
795888,1835
795892,1662
795896,1983
795900,2075
795904,1936
795908,1826
795912,1652
795916,1889
795920,2115
795924,1921
795928,1765
795932,1863
795936,1870
795940,2118
795944,1933
795948,1744
795952,1689
795956,1915
795960,2031
795964,1915
795968,1808
795972,1779
795976,1955
795980,2096
795984,1875
795988,1781
795992,1622
795996,1933
796000,2192
796004,1983
796008,1839
796012,1745
796016,1957
796020,2096
796024,1919
796028,1713
796032,1701
796036,1915
796040,2065
796044,1887
796048,1767
796052,1683
796056,1867
796060,2014
796064,1898
796068,1765
796072,1744
796076,1980
796080,1958
796084,1895
796088,1725
796092,1758
796096,1874
796100,2033
796104,1907
796108,1747
796112,1727
796116,1935
796120,1997
796124,1968
796128,1714
796132,1634
796136,1919
796140,1941
796144,1887
796148,1706
796152,1663
796156,1846
796160,2015
796164,1882
796168,1716
796172,1661
796176,1876
796180,2165
796184,1906
796188,1761
796192,1599
796196,1914
796200,1941
796204,1873
796208,1769
796212,1698
796216,1934
796220,2054
796224,1920
796228,1709
796232,1901
796236,1945
796240,2159
796244,1872
796248,1726
796252,1795
796256,1918
796260,2017
796264,1893
796268,1724
796272,1647
796276,1879
796280,2065
796284,1925
796288,1751
796292,1667
796296,1906
796300,2080
796304,1923
796308,1744
796312,1745
796316,1433
796320,2019
796324,1843
796328,1461
796332,1139
796336,1535
796340,2061
796344,1969
796348,1504
796352,1293
796356,1565
796360,2197
796364,1907
796368,1535
796372,1199
796376,1665
796380,2146
796384,2007
796388,1581
796392,1191
796396,1762
796400,2086
796404,2017
796408,1669
796412,1273
796416,1744
796420,2194
796424,2007
796428,1721
796432,1326
796436,1856
796440,2096
796444,1962
796448,1434
796452,1150
796456,1913
796460,2096
796464,2019
796468,1510
796472,1295
796476,1933
796480,2166
796484,1927
796488,1584
796492,1114
796496,1840
796500,2201
796504,1984
796508,1600
796512,1070
796516,1872
796520,2164
796524,1937
796528,1619
796532,1323
796536,1923
796540,2167
796544,1941
796548,1643
796552,1374
796556,1849
796560,2148
796564,1973
796568,1653
796572,1302
796576,1904
796580,2210
796584,2011
796588,1619
796592,1303
796596,1776
796600,2223
796604,2012
796608,1637
796612,1319
796616,1658
796620,2225
796624,2057
796628,1467
796632,1045
796636,1637
796640,2346
796644,2090
796648,1424
796652,1041
796656,1622
796660,2288
796664,2148
796668,1434
796672,1163
796676,1617
796680,2193
796684,2096
796688,1325
796692,1201
796696,1767
796700,2318
796704,2071
796708,1424
796712,1083
796716,1792
796720,2318
796724,1962
796728,1462
796732,1200
796736,1925
796740,2259
796744,2039
796748,1535
796752,1257
796756,1920
796760,2224
796764,2075
796768,1590
796772,1266
796776,1958
796780,2128
796784,1947
796788,1462
796792,1402
796796,1951
796800,2047
796804,1923
796808,1663
796812,1271
796816,1971
796820,2082
796824,1995
796828,1486
796832,1328
796836,2059
796840,2117
796844,2000
796848,1481
796852,1147
796856,2032
796860,2224
796864,2031
796868,1456
796872,1262
796876,1826
796880,2240
796884,2096
796888,1299
796892,1246
796896,1872
796900,2256
796904,2033
796908,1441
796912,1091
796916,1879
796920,2239
796924,1955
796928,1607
796932,1282
796936,1841
796940,2242
796944,2102
796948,1267
796952,1259
796956,1789
796960,2128
796964,2007
796968,1655
796972,1306
796976,1782
796980,2037
796984,1836
796988,1635
796992,1744
796996,1888
797000,2000
797004,1897
797008,1721
797012,1702
797016,1898
797020,1929
797024,1809
797028,1648
797032,1869
797036,1977
797040,1989
797044,1879
797048,1507
797052,1893
797056,1959
797060,2000
797064,1903
797068,1692
797072,1953
797076,1985
797080,2063
797084,1891
797088,1636
797092,1839
797096,1975
797100,2065
797104,1839
797108,1680
797112,1801
797116,1921
797120,1974
797124,1879
797128,1606
797132,1850
797136,1978
797140,1993
797144,1904
797148,1577
797152,1789
797156,1987
797160,1904
797164,1859
797168,1615
797172,1894
797176,1909
797180,1978
797184,1863
797188,1603
797192,1662
797196,1984
797200,1997
797204,1817
797208,1674
797212,1723
797216,2003
797220,1952
797224,1840
797228,1731
797232,1788
797236,1942
797240,1990
797244,1882
797248,1632
797252,1847
797256,1922
797260,1964
797264,1837
797268,1710
797272,1856
797276,1935
797280,1983
797284,1808
797288,1746
797292,1887
797296,1953
797300,2066
797304,1802
797308,1850
797312,1857
797316,1950
797320,1889
797324,1872
797328,1806
797332,1933
797336,1938
797340,1999
797344,1906
797348,1743
797352,1919
797356,1941
797360,1999
797364,1817
797368,1759
797372,1962
797376,1933
797380,1997
797384,1763
797388,1833
797392,1883
797396,1982
797400,1951
797404,1850
797408,1814
797412,1956
797416,1964
797420,1965
797424,1887
797428,1771
797432,1982
797436,2000
797440,2036
797444,1811
797448,1761
797452,1866
797456,1975
797460,2039
797464,1905
797468,1734
797472,1930
797476,1961
797480,1962
797484,1901
797488,1631
797492,1869
797496,1951
797500,1987
797504,1882
797508,1734
797512,1902
797516,2035
797520,1995
797524,1869
797528,1595
797532,1827
797536,1946
797540,1991
797544,1872
797548,1466
797552,1840
797556,1981
797560,2021
797564,1850
797568,1593
797572,1733
797576,1936
797580,1922
797584,1872
797588,1587
797592,1853
797596,1953
797600,1840
797604,1879
797608,1535
797612,1779
797616,2021
797620,1971
797624,1898
797628,1603
797632,1851
797636,1943
797640,1822
797644,1826
797648,1600
797652,1818
797656,2011
797660,1968
797664,1811
797668,1473
797672,1809
797676,1989
797680,1891
797684,1803
797688,1616
797692,1839
797696,1986
797700,1989
797704,1808
797708,1694
797712,1808
797716,1923
797720,1961
797724,1819
797728,1719
797732,1917
797736,1967
797740,1984
797744,1738
797748,1829
797752,1886
797756,2023
797760,1990
797764,1844
797768,1856
797772,1879
797776,2025
797780,1838
797784,1875
797788,1660
797792,1827
797796,2030
797800,1962
797804,1872
797808,1744
797812,1829
797816,1956
797820,1933
797824,1849
797828,1670
797832,1898
797836,2010
797840,1830
797844,1845
797848,1639
797852,1840
797856,2014
797860,1889
797864,1872
797868,1745
797872,1915
797876,2097
797880,2022
797884,1859
797888,1742
797892,1901
797896,2057
797900,2072
797904,1907
797908,1648
797912,1898
797916,2001
797920,2047
797924,1842
797928,1729
797932,1872
797936,2034
797940,1990
797944,1823
797948,1643
797952,1803
797956,1990
797960,1949
797964,1911
797968,1798
797972,1908
797976,2001
797980,1829
797984,1851
797988,1644
797992,2000
797996,2009
798000,2027
798004,1875
798008,1674
798012,1968
798016,2046
798020,2010
798024,1796
798028,1617
798032,1921
798036,2047
798040,1840
798044,1745
798048,1742
798052,1903
798056,2107
798060,2006
798064,1744
798068,1735
798072,1889
798076,2011
798080,1950
798084,1781
798088,1605
798092,1952
798096,2047
798100,1998
798104,1718
798108,1591
798112,1963
798116,2016
798120,1938
798124,1747
798128,1662
798132,1873
798136,2047
798140,1841
798144,1779
798148,1632
798152,1872
798156,2069
798160,1886
798164,1799
798168,1754
798172,1906
798176,2071
798180,1937
798184,1744
798188,1535
798192,1881
798196,2075
798200,2058
798204,1801
798208,1611
798212,1920
798216,2079
798220,1987
798224,1827
798228,1781
798232,1883
798236,2032
798240,1972
798244,1840
798248,1573
798252,1840
798256,2107
798260,1829
798264,1877
798268,1655
798272,1881
798276,1994
798280,1813
798284,1856
798288,1529
798292,1819
798296,2057
798300,1829
798304,1885
798308,1686
798312,1773
798316,2032
798320,2015
798324,1826
798328,1730
798332,1845
798336,2013
798340,1850
798344,1803
798348,1657
798352,1799
798356,2034
798360,1889
798364,1798
798368,1568
798372,1842
798376,1956
798380,1886
798384,1712
798388,1555
798392,1835
798396,1968
798400,2002
798404,1741
798408,1574
798412,1837
798416,2030
798420,1854
798424,1772
798428,1780
798432,1895
798436,1985
798440,1946
798444,1713
798448,1657
798452,1795
798456,2033
798460,1839
798464,1846
798468,1627
798472,1839
798476,1906
798480,1881
798484,1790
798488,1617
798492,1956
798496,2053
798500,1904
798504,1750
798508,1703
798512,1840
798516,2022
798520,1921
798524,1797
798528,1706
798532,1798
798536,2068
798540,1904
798544,1808
798548,1653
798552,1873
798556,1981
798560,1904
798564,1814
798568,1651
798572,1866
798576,1977
798580,1955
798584,1756
798588,1583
798592,1854
798596,1900
798600,1763
798604,1782
798608,1657
798612,1894
798616,2010
798620,1964
798624,1786
798628,1629
798632,1866
798636,1939
798640,1680
798644,1764
798648,1582
798652,1833
798656,2126
798660,1825
798664,1783
798668,1587
798672,1843
798676,2036
798680,1893
798684,1783
798688,1563
798692,1939
798696,2005
798700,1771
798704,1735
798708,1635
798712,1871
798716,1968
798720,1776
798724,1776
798728,1739
798732,1926
798736,1999
798740,1749
798744,1735
798748,1638
798752,1933
798756,1993
798760,1999
798764,1744
798768,1773
798772,1868
798776,1975
798780,1836
798784,1746
798788,1571
798792,1856
798796,1959
798800,1910
798804,1762
798808,1607
798812,1851
798816,2001
798820,1979
798824,1831
798828,1749
798832,1902
798836,1986
798840,1911
798844,1767
798848,1702
798852,1926
798856,1957
798860,1791
798864,1776
798868,1695
798872,1902
798876,2037
798880,1997
798884,1793
798888,1696
798892,1915
798896,1939
798900,1936
798904,1795
798908,1698
798912,1977
798916,1971
798920,1837
798924,1808
798928,1642
798932,1968
798936,1830
798940,1791
798944,1790
798948,1649
798952,1951
798956,1919
798960,1904
798964,1818
798968,1762
798972,1941
798976,1906
798980,1821
798984,1836
798988,1598
798992,1907
798996,1979
799000,1847
799004,1809
799008,1682
799012,1937
799016,1936
799020,1856
799024,1772
799028,1689
799032,1885
799036,1921
799040,1817
799044,1805
799048,1643
799052,1927
799056,1913
799060,1869
799064,1808
799068,1645
799072,1904
799076,1993
799080,1893
799084,1827
799088,1679
799092,1914
799096,1936
799100,1813
799104,1778
799108,1728
799112,1872
799116,1885
799120,1812
799124,1755
799128,1574
799132,1853
799136,1867
799140,1875
799144,1756
799148,1584
799152,1877
799156,2003
799160,1818
799164,1799
799168,1773
799172,1914
799176,1995
799180,1812
799184,1767
799188,1719
799192,1882
799196,2148
799200,1917
799204,1779
799208,1622
799212,1909
799216,1905
799220,1793
799224,1717
799228,1689
799232,1902
799236,1920
799240,1872
799244,1734
799248,1584
799252,1855
799256,1969
799260,1847
799264,1697
799268,1697
799272,1835
799276,2118
799280,1839
799284,1797
799288,1687
799292,1867
799296,2009
799300,1827
799304,1751
799308,1594
799312,1919
799316,1921
799320,1867
799324,1693
799328,1685
799332,1837
799336,1918
799340,1807
799344,1650
799348,1795
799352,1872
799356,2035
799360,1863
799364,1678
799368,1691
799372,1871
799376,2033
799380,1799
799384,1737
799388,1746
799392,1872
799396,1933
799400,1807
799404,1705
799408,1645
799412,1891
799416,1904
799420,1869
799424,1746
799428,1680
799432,1866
799436,1890
799440,1885
799444,1698
799448,1726
799452,1817
799456,1979
799460,1846
799464,1688
799468,1750
799472,1903
799476,2086
799480,1751
799484,1701
799488,1744
799492,1899
799496,1959
799500,1893
799504,1776
799508,1753
799512,1833
799516,1951
799520,1879
799524,1677
799528,1698
799532,1872
799536,2082
799540,1885
799544,1663
799548,1707
799552,1846
799556,1959
799560,1855
799564,1749
799568,1623
799572,1877
799576,2134
799580,1870
799584,1713
799588,1693
799592,1905
799596,1969
799600,1929
799604,1712
799608,1707
799612,1939
799616,2080
799620,1883
799624,1681
799628,1743
799632,1930
799636,1983
799640,1915
799644,1737
799648,1618
799652,1916
799656,2083
799660,1853
799664,1692
799668,1747
799672,1883
799676,2031
799680,1858
799684,1708
799688,1750
799692,1943
799696,1990
799700,1830
799704,1570
799708,1769
799712,2027
799716,2075
799720,1872
799724,1712
799728,1819
799732,1986
799736,1968
799740,1830
799744,1664
799748,1749
799752,1998
799756,2016
799760,1881
799764,1678
799768,1602
799772,2015
799776,1877
799780,1872
799784,1703
799788,1808
799792,2000
799796,1959
799800,1797
799804,1527
799808,1740
799812,1995
799816,1983
799820,1879
799824,1571
799828,1774
799832,1936
799836,2000
799840,1901
799844,1671
799848,1765
799852,1951
799856,1951
799860,1875
799864,1714
799868,1767
799872,1935
799876,2001
799880,1872
799884,1535
799888,1849
799892,1888
799896,2034
799900,1829
799904,1535
799908,1767
799912,1845
799916,1962
799920,1869
799924,1535
799928,1776
799932,1865
799936,1911
799940,1803
799944,1563
799948,1641
799952,1911
799956,1980
799960,1835
799964,1557
799968,1737
799972,1883
799976,1990
799980,1907
799984,1642
799988,1806
799992,1858
799996,1959
800000,1856
800004,1719
800008,1535
800012,1897
800016,1920
800020,1787
800024,1680
800028,1872
800032,1915
800036,1979
800040,1840
800044,1566
800048,1793
800052,1992
800056,1898
800060,1871
800064,1685
800068,1759
800072,2002
800076,1951
800080,1936
800084,1616
800088,1584
800092,2015
800096,1862
800100,1808
800104,1618
800108,1775
800112,2032
800116,1913
800120,1884
800124,1660
800128,1734
800132,1968
800136,1910
800140,1795
800144,1617
800148,1616
800152,1989
800156,2012
800160,1888
800164,1665
800168,1756
800172,1946
800176,1999
800180,1857
800184,1651
800188,1867
800192,1971
800196,1968
800200,1841
800204,1660
800208,1757
800212,1936
800216,1874
800220,1786
800224,1646
800228,1569
800232,1922
800236,1936
800240,1744
800244,1666
800248,1616
800252,1920
800256,1968
800260,1731
800264,1678
800268,1822
800272,1919
800276,1870
800280,1846
800284,1588
800288,1826
800292,1898
800296,1968
800300,1808
800304,1584
800308,1793
800312,1891
800316,1962
800320,1818
800324,1517
800328,1584
800332,1872
800336,1979
800340,1847
800344,1616
800348,1866
800352,1848
800356,1875
800360,1825
800364,1604
800368,1869
800372,1926
800376,1965
800380,1827
800384,1621
800388,1741
800392,1945
800396,1927
800400,1797
800404,1611
800408,1814
800412,1916
800416,1987
800420,1741
800424,1602
800428,1887
800432,1936
800436,1948
800440,1871
800444,1617
800448,1794
800452,1936
800456,1895
800460,1794
800464,1616
800468,1599
800472,1968
800476,1910
800480,1811
800484,1634
800488,1685
800492,1936
800496,1967
800500,1824
800504,1501
800508,1870
800512,1949
800516,1955
800520,1863
800524,1529
800528,1670
800532,1877
800536,2015
800540,1840
800544,1577
800548,1850
800552,1915
800556,1930
800560,1780
800564,1671
800568,1792
800572,1905
800576,1942
800580,1853
800584,1714
800588,1717
800592,1902
800596,1936
800600,1826
800604,1712
800608,1871
800612,1843
800616,2062
800620,1882
800624,1658
800628,1863
800632,1899
800636,1978
800640,1831
800644,1759
800648,1872
800652,2003
800656,1882
800660,1819
800664,1754
800668,1947
800672,1894
800676,2130
800680,1836
800684,1757
800688,1906
800692,1941
800696,2068
800700,1796
800704,1759
800708,1969
800712,1921
800716,2075
800720,1841
800724,1859
800728,1915
800732,2007
800736,2066
800740,1939
800744,1731
800748,1928
800752,1952
800756,2006
800760,1781
800764,1793
800768,1904
800772,1934
800776,2041
800780,1893
800784,1750
800788,1941
800792,1913
800796,2140
800800,1840
800804,1674
800808,1917
800812,1990
800816,2087
800820,1886
800824,1833
800828,1914
800832,1979
800836,1991
800840,1885
800844,1805
800848,1941
800852,2023
800856,2047
800860,1813
800864,1603
800868,1879
800872,2032
800876,1930
800880,1901
800884,1626
800888,1878
800892,2034
800896,2018
800900,1827
800904,1563
800908,1975
800912,2077
800916,2091
800920,1945
800924,1648
800928,1931
800932,2037
800936,2070
800940,1875
800944,1620
800948,1978
800952,2151
800956,2067
800960,1873
800964,1727
800968,1989
800972,2064
800976,1981
800980,1931
800984,1616
800988,1950
800992,2086
800996,2031
801000,1877
801004,1675
801008,1959
801012,2075
801016,2100
801020,1883
801024,1680
801028,1967
801032,2115
801036,1972
801040,1982
801044,1833
801048,1983
801052,2100
801056,2112
801060,1904
801064,1687
801068,2009
801072,2094
801076,2093
801080,1948
801084,1820
801088,2002
801092,2095
801096,1969
801100,1937
801104,1776
801108,1968
801112,2097
801116,2112
801120,1928
801124,1835
801128,1995
801132,2101
801136,2135
801140,1959
801144,1846
801148,2000
801152,2137
801156,2167
801160,1915
801164,1586
801168,1968
801172,2105
801176,2089
801180,1938
801184,1806
801188,1889
801192,2043
801196,2126
801200,1974
801204,1658
801208,1941
801212,2081
801216,2080
801220,1942
801224,1825
801228,1963
801232,2067
801236,2036
801240,1904
801244,1584
801248,1850
801252,1998
801256,2080
801260,1954
801264,1754
801268,1889
801272,2107
801276,1949
801280,1962
801284,1648
801288,1954
801292,2077
801296,2059
801300,1915
801304,1749
801308,1874
801312,2082
801316,2097
801320,1960
801324,1677
801328,1856
801332,2096
801336,1955
801340,1919
801344,1705
801348,1925
801352,2039
801356,1991
801360,1883
801364,1718
801368,1918
801372,2038
801376,2026
801380,1875
801384,1680
801388,1885
801392,2037
801396,1986
801400,1797
801404,1733
801408,1835
801412,2054
801416,1988
801420,1779
801424,1652
801428,1873
801432,2003
801436,1906
801440,1779
801444,1684
801448,1873
801452,2090
801456,1934
801460,1776
801464,1571
801468,1886
801472,1991
801476,1934
801480,1793
801484,1679
801488,1885
801492,2019
801496,1878
801500,1776
801504,1712
801508,1881
801512,2055
801516,2035
801520,1793
801524,1638
801528,1866
801532,2090
801536,2000
801540,1744
801544,1653
801548,1943
801552,1967
801556,1957
801560,1839
801564,1685
801568,1840
801572,1999
801576,2032
801580,1814
801584,1670
801588,1914
801592,2041
801596,1965
801600,1841
801604,1634
801608,1904
801612,2016
801616,1891
801620,1878
801624,1696
801628,1899
801632,2117
801636,1901
801640,1882
801644,1629
801648,1879
801652,2023
801656,1929
801660,1872
801664,1607
801668,1901
801672,2111
801676,1760
801680,1807
801684,1649
801688,1936
801692,1975
801696,2010
801700,1831
801704,1727
801708,1941
801712,1973
801716,2005
801720,1819
801724,1674
801728,1901
801732,2021
801736,1852
801740,1855
801744,1711
801748,1919
801752,1985
801756,1995
801760,1747
801764,1700
801768,1823
801772,2005
801776,1955
801780,1782
801784,1763
801788,1873
801792,2026
801796,1974
801800,1791
801804,1611
801808,1946
801812,2011
801816,1950
801820,1777
801824,1680
801828,1937
801832,2020
801836,1943
801840,1772
801844,1787
801848,1953
801852,2065
801856,1807
801860,1757
801864,1673
801868,1875
801872,2035
801876,1963
801880,1804
801884,1744
801888,1993
801892,2042
801896,1994
801900,1697
801904,1728
801908,1919
801912,2027
801916,2014
801920,1762
801924,1699
801928,1969
801932,2007
801936,2015
801940,1872
801944,1829
801948,1972
801952,2175
801956,1920
801960,1815
801964,1633
801968,1856
801972,1985
801976,1904
801980,1748
801984,1649
801988,1954
801992,1995
801996,1872
802000,1790
802004,1700
802008,1938
802012,1983
802016,1982
802020,1917
802024,1657
802028,2015
802032,2118
802036,1958
802040,1834
802044,1759
802048,1958
802052,1952
802056,1971
802060,1842
802064,1762
802068,1963
802072,1978
802076,2023
802080,1779
802084,1627
802088,1952
802092,2130
802096,2031
802100,1861
802104,1745
802108,1950
802112,2114
802116,1971
802120,1855
802124,1667
802128,2009
802132,2124
802136,2075
802140,1834
802144,1846
802148,1945
802152,2097
802156,1840
802160,1801
802164,1738
802168,1947
802172,2063
802176,1885
802180,1890
802184,1715
802188,1938
802192,2081
802196,1953
802200,1744
802204,1749
802208,1958
802212,1987
802216,1990
802220,1780
802224,1764
802228,1988
802232,2009
802236,2019
802240,1872
802244,1809
802248,2010
802252,2065
802256,2025
802260,1814
802264,1737
802268,1887
802272,2082
802276,1955
802280,1879
802284,1804
802288,1947
802292,2103
802296,1996
802300,1831
802304,1744
802308,1983
802312,2075
802316,2007
802320,1897
802324,1807
802328,1943
802332,2077
802336,1968
802340,1841
802344,1751
802348,1991
802352,2105
802356,2046
802360,1854
802364,1767
802368,1923
802372,2039
802376,2069
802380,1915
802384,1808
802388,1936
802392,2019
802396,1968
802400,1868
802404,1808
802408,1926
802412,2018
802416,1939
802420,1890
802424,1713
802428,2012
802432,2041
802436,1949
802440,1809
802444,1822
802448,1976
802452,1914
802456,1968
802460,1865
802464,1680
802468,1911
802472,1966
802476,1968
802480,1857
802484,1681
802488,1871
802492,2067
802496,1888
802500,1815
802504,1623
802508,1985
802512,1967
802516,1856
802520,1850
802524,1779
802528,1968
802532,2042
802536,1803
802540,1857
802544,1826
802548,2013
802552,1986
802556,1857
802560,1818
802564,1618
802568,1989
802572,1965
802576,1845
802580,1759
802584,1647
802588,1938
802592,2096
802596,1962
802600,1856
802604,1831
802608,1931
802612,2179
802616,1874
802620,1833
802624,1705
802628,1915
802632,2067
802636,1889
802640,1863
802644,1834
802648,1950
802652,2066
802656,1905
802660,1762
802664,1683
802668,1877
802672,2103
802676,1894
802680,1840
802684,1727
802688,1922
802692,1949
802696,1774
802700,1737
802704,1745
802708,1990
802712,2100
802716,1890
802720,1771
802724,1600
802728,1875
802732,1968
802736,1840
802740,1763
802744,1687
802748,1936
802752,1968
802756,1825
802760,1683
802764,1691
802768,1907
802772,1985
802776,1845
802780,1684
802784,1754
802788,1902
802792,1935
802796,1817
802800,1707
802804,1685
802808,1904
802812,1967
802816,1822
802820,1584
802824,1686
802828,1883
802832,1903
802836,1795
802840,1647
802844,1671
802848,1878
802852,1840
802856,1779
802860,1609
802864,1628
802868,1901
802872,1924
802876,1791
802880,1637
802884,1616
802888,1855
802892,1907
802896,1773
802900,1630
802904,1674
802908,1856
802912,1922
802916,1759
802920,1603
802924,1565
802928,1799
802932,1919
802936,1815
802940,1622
802944,1706
802948,1895
802952,1882
802956,1808
802960,1586
802964,1695
802968,1823
802972,1989
802976,1836
802980,1627
802984,1554
802988,1767
802992,1887
802996,1735
803000,1665
803004,1535
803008,1827
803012,1981
803016,1808
803020,1674
803024,1754
803028,1838
803032,1930
803036,1790
803040,1680
803044,1690
803048,1825
803052,1949
803056,1822
803060,1664
803064,1660
803068,1808
803072,1995
803076,1895
803080,1616
803084,1714
803088,1861
803092,1904
803096,1839
803100,1661
803104,1593
803108,1870
803112,1987
803116,1840
803120,1621
803124,1577
803128,1840
803132,1967
803136,1795
803140,1589
803144,1653
803148,1985
803152,1937
803156,1757
803160,1535
803164,1705
803168,1983
803172,1971
803176,1815
803180,1645
803184,1615
803188,2039
803192,1941
803196,1757
803200,1622
803204,1728
803208,1990
803212,1946
803216,1860
803220,1648
803224,1739
803228,1947
803232,1936
803236,1818
803240,1687
803244,1773
803248,1951
803252,1855
803256,1845
803260,1700
803264,1705
803268,1977
803272,1956
803276,1904
803280,1709
803284,1793
803288,2064
803292,1879
803296,1828
803300,1649
803304,1789
803308,1936
803312,1967
803316,1875
803320,1663
803324,1797
803328,1967
803332,1949
803336,1844
803340,1529
803344,1835
803348,1831
803352,1913
803356,1838
803360,1683
803364,1635
803368,1939
803372,2000
803376,1868
803380,1602
803384,1758
803388,1913
803392,2018
803396,1840
803400,1664
803404,1774
803408,1883
803412,1953
803416,1866
803420,1650
803424,1785
803428,1856
803432,1926
803436,1869
803440,1697
803444,1783
803448,1899
803452,1894
803456,1904
803460,1742
803464,1778
803468,1872
803472,1922
803476,1856
803480,1673
803484,1874
803488,1888
803492,1984
803496,1840
803500,1719
803504,1781
803508,1916
803512,1986
803516,1898
803520,1680
803524,1744
803528,1987
803532,1968
803536,1824
803540,1686
803544,1683
803548,1943
803552,1953
803556,1843
803560,1718
803564,1765
803568,2033
803572,2041
803576,1978
803580,1776
803584,1762
803588,2022
803592,2096
803596,1943
803600,1779
803604,1848
803608,2047
803612,1994
803616,1956
803620,1610
803624,1622
803628,1980
803632,2012
803636,1915
803640,1649
803644,1921
803648,1961
803652,2026
803656,1874
803660,1709
803664,1815
803668,2013
803672,1995
803676,1904
803680,1682
803684,1879
803688,2021
803692,2123
803696,1905
803700,1808
803704,1927
803708,2000
803712,2071
803716,1893
803720,1791
803724,1785
803728,1972
803732,2080
803736,1902
803740,1661
803744,1819
803748,1982
803752,2002
803756,1825
803760,1744
803764,1833
803768,1983
803772,2070
803776,1959
803780,1698
803784,1858
803788,2019
803792,2014
803796,1985
803800,1731
803804,1759
803808,1921
803812,2106
803816,2000
803820,1587
803824,1953
803828,1967
803832,2033
803836,1904
803840,1654
803844,1879
803848,1990
803852,2023
803856,1887
803860,1711
803864,1934
803868,2016
803872,2005
803876,1888
803880,1710
803884,1830
803888,2007
803892,2119
803896,1867
803900,1747
803904,1713
803908,1959
803912,1991
803916,1871
803920,1589
803924,1809
803928,1964
803932,2097
803936,1875
803940,1611
803944,1840
803948,2034
803952,2010
803956,1910
803960,1701
803964,1872
803968,2000
803972,2059
803976,1897
803980,1727
803984,1808
803988,2025
803992,2109
803996,1872
804000,1725
804004,1791
804008,1984
804012,1997
804016,1862
804020,1657
804024,1739
804028,1936
804032,2105
804036,1901
804040,1703
804044,1930
804048,1985
804052,2091
804056,1878
804060,1712
804064,1815
804068,1995
804072,2095
804076,1920
804080,1652
804084,1706
804088,1998
804092,2110
804096,1877
804100,1685
804104,1834
804108,1989
804112,2090
804116,1872
804120,1637
804124,1751
804128,1979
804132,1956
804136,1881
804140,1575
804144,1661
804148,1931
804152,1953
804156,1857
804160,1650
804164,1941
804168,2001
804172,1904
804176,1944
804180,1761
804184,1817
804188,1927
804192,2025
804196,1877
804200,1719
804204,1923
804208,1971
804212,2010
804216,1808
804220,1790
804224,1770
804228,2000
804232,1867
804236,1833
804240,1774
804244,1872
804248,1942
804252,2027
804256,1886
804260,1725
804264,1887
804268,1997
804272,1981
804276,1824
804280,1769
804284,1851
804288,1889
804292,1927
804296,1871
804300,1698
804304,1879
804308,1967
804312,1920
804316,1812
804320,1639
804324,1856
804328,1914
804332,1927
804336,1815
804340,1718
804344,1879
804348,1957
804352,1809
804356,1816
804360,1633
804364,1875
804368,1979
804372,1955
804376,1846
804380,1618
804384,1782
804388,1909
804392,1786
804396,1819
804400,1528
804404,1819
804408,2001
804412,1901
804416,1873
804420,1370
804424,1843
804428,1875
804432,1776
804436,1842
804440,1535
804444,1824
804448,1957
804452,1983
804456,1874
804460,1487
804464,1817
804468,1986
804472,1806
804476,1843
804480,1506
804484,1817
804488,1918
804492,1839
804496,1792
804500,1469
804504,1787
804508,1940
804512,1753
804516,1830
804520,1535
804524,1793
804528,1973
804532,2000
804536,1819
804540,1535
804544,1822
804548,1983
804552,1928
804556,1817
804560,1600
804564,1826
804568,1967
804572,1814
804576,1778
804580,1535
804584,1808
804588,2005
804592,1989
804596,1809
804600,1719
804604,1850
804608,1995
804612,1992
804616,1803
804620,1521
804624,1851
804628,1984
804632,1840
804636,1802
804640,1766
804644,1797
804648,1972
804652,1987
804656,1807
804660,1675
804664,1819
804668,1993
804672,2047
804676,1776
804680,1691
804684,1860
804688,1963
804692,1966
804696,1843
804700,1631
804704,1878
804708,1999
804712,1950
804716,1854
804720,1587
804724,1855
804728,2015
804732,1952
804736,1882
804740,1710
804744,1847
804748,2032
804752,2003
804756,1890
804760,1619
804764,1778
804768,1963
804772,1910
804776,1859
804780,1650
804784,1847
804788,1999
804792,1962
804796,1875
804800,1611
804804,1883
804808,1971
804812,2009
804816,1836
804820,1619
804824,1808
804828,1953
804832,1917
804836,1841
804840,1535
804844,1811
804848,1986
804852,1948
804856,1815
804860,1422
804864,1819
804868,1942
804872,1936
804876,1802
804880,1555
804884,1920
804888,1946
804892,1932
804896,1810
804900,1532
804904,1791
804908,1975
804912,1872
804916,1839
804920,1631
804924,1904
804928,1958
804932,1888
804936,1787
804940,1696
804944,1871
804948,1939
804952,1872
804956,1744
804960,1600
804964,1844
804968,2010
804972,2039
804976,1785
804980,1644
804984,1811
804988,2064
804992,1914
804996,1711
805000,1674
805004,1889
805008,2009
805012,2006
805016,1719
805020,1639
805024,1933
805028,2064
805032,2003
805036,1731
805040,1675
805044,1910
805048,2073
805052,2015
805056,1773
805060,1713
805064,1903
805068,2042
805072,1936
805076,1729
805080,1694
805084,1872
805088,1998
805092,1852
805096,1759
805100,1648
805104,1877
805108,2118
805112,1968
805116,1742
805120,1695
805124,1972
805128,2102
805132,2017
805136,1817
805140,1703
805144,1983
805148,2014
805152,1909
805156,1834
805160,1710
805164,1878
805168,2153
805172,2064
805176,1859
805180,1701
805184,1949
805188,2113
805192,1991
805196,1843
805200,1617
805204,1939
805208,2116
805212,1957
805216,1875
805220,1693
805224,1911
805228,2023
805232,2039
805236,1921
805240,1826
805244,1904
805248,2119
805252,2000
805256,1864
805260,1707
805264,1951
805268,2113
805272,2019
805276,1917
805280,1712
805284,1936
805288,2080
805292,1873
805296,1861
805300,1769
805304,1848
805308,2075
805312,2011
805316,1861
805320,1693
805324,1845
805328,2063
805332,1890
805336,1780
805340,1778
805344,1875
805348,2093
805352,1904
805356,1823
805360,1765
805364,1869
805368,2121
805372,2022
805376,1843
805380,1725
805384,1895
805388,2046
805392,2103
805396,1823
805400,1851
805404,1821
805408,2044
805412,1825
805416,1781
805420,1629
805424,1804
805428,2119
805432,1960
805436,1799
805440,1794
805444,1917
805448,2084
805452,1886
805456,1787
805460,1680
805464,1862
805468,2007
805472,2080
805476,1838
805480,1774
805484,1920
805488,2065
805492,1862
805496,1788
805500,1684
805504,1885
805508,2027
805512,1915
805516,1747
805520,1563
805524,1877
805528,2073
805532,1958
805536,1841
805540,1771
805544,1982
805548,2080
805552,1902
805556,1858
805560,1583
805564,1983
805568,2065
805572,2042
805576,1869
805580,1731
805584,1972
805588,2084
805592,1855
805596,1845
805600,1744
805604,1886
805608,1967
805612,1919
805616,1875
805620,1703
805624,1914
805628,2116
805632,1936
805636,1823
805640,1733
805644,1879
805648,2031
805652,1904
805656,1833
805660,1687
805664,1953
805668,2064
805672,1776
805676,1884
805680,1718
805684,1904
805688,2029
805692,1904
805696,1823
805700,1630
805704,1943
805708,2089
805712,1934
805716,1806
805720,1643
805724,1847
805728,1999
805732,1856
805736,1791
805740,1711
805744,1923
805748,2061
805752,1790
805756,1809
805760,1632
805764,1851
805768,2045
805772,1796
805776,1809
805780,1512
805784,1906
805788,2031
805792,1743
805796,1824
805800,1535
805804,1866
805808,2003
805812,1815
805816,1794
805820,1685
805824,1935
805828,2000
805832,1985
805836,1809
805840,1680
805844,1921
805848,2018
805852,1919
805856,1792
805860,1593
805864,1910
805868,1963
805872,1917
805876,1761
805880,1678
805884,1912
805888,1941
805892,1936
805896,1776
805900,1670
805904,1914
805908,1989
805912,1851
805916,1775
805920,1709
805924,1970
805928,2038
805932,1907
805936,1794
805940,1623
805944,1933
805948,1900
805952,1889
805956,1792
805960,1582
805964,1903
805968,1945
805972,1957
805976,1769
805980,1653
805984,1857
805988,1921
805992,1721
805996,1781
806000,1651
806004,1921
806008,1883
806012,1877
806016,1765
806020,1517
806024,1871
806028,1939
806032,1911
806036,1762
806040,1654
806044,1910
806048,1891
806052,1795
806056,1782
806060,1712
806064,1891
806068,1931
806072,1808
806076,1746
806080,1664
806084,1877
806088,1899
806092,1810
806096,1771
806100,1728
806104,1892
806108,1954
806112,1841
806116,1744
806120,1615
806124,1893
806128,1954
806132,1899
806136,1795
806140,1625
806144,1940
806148,1887
806152,1808
806156,1712
806160,1714
806164,1936
806168,1953
806172,1836
806176,1723
806180,1525
806184,1831
806188,1889
806192,1810
806196,1728
806200,1663
806204,1904
806208,1975
806212,1840
806216,1731
806220,1714
806224,1920
806228,1946
806232,1818
806236,1776
806240,1657
806244,1905
806248,2003
806252,1826
806256,1751
806260,1690
806264,1875
806268,2045
806272,1767
806276,1682
806280,1685
806284,1877
806288,2061
806292,1887
806296,1729
806300,1654
806304,1847
806308,1991
806312,1853
806316,1738
806320,1723
806324,1941
806328,1967
806332,1919
806336,1744
806340,1535
806344,1850
806348,1994
806352,1915
806356,1764
806360,1739
806364,1969
806368,1987
806372,1817
806376,1760
806380,1641
806384,1868
806388,1945
806392,1838
806396,1712
806400,1723
806404,1867
806408,1907
806412,1843
806416,1696
806420,1711
806424,1920
806428,2026
806432,1872
806436,1803
806440,1711
806444,1874
806448,1927
806452,1849
806456,1701
806460,1712
806464,2001
806468,1933
806472,1856
806476,1699
806480,1711
806484,1927
806488,1974
806492,1746
806496,1663
806500,1746
806504,1887
806508,1935
806512,1858
806516,1687
806520,1680
806524,1859
806528,1889
806532,1858
806536,1780
806540,1695
806544,1920
806548,2077
806552,1898
806556,1717
806560,1685
806564,1911
806568,1925
806572,1906
806576,1744
806580,1774
806584,1861
806588,2033
806592,1856
806596,1767
806600,1767
806604,1916
806608,1950
806612,1859
806616,1728
806620,1708
806624,1838
806628,2094
806632,1856
806636,1733
806640,1754
806644,1891
806648,1974
806652,1919
806656,1762
806660,1731
806664,1935
806668,2185
806672,1872
806676,1702
806680,1680
806684,1936
806688,2094
806692,1906
806696,1770
806700,1867
806704,1870
806708,1945
806712,1899
806716,1750
806720,1808
806724,1954
806728,2164
806732,1903
806736,1769
806740,1733
806744,1948
806748,1997
806752,1906
806756,1755
806760,1684
806764,1998
806768,2039
806772,1953
806776,1782
806780,1808
806784,1973
806788,2128
806792,1904
806796,1721
806800,1627
806804,1909
806808,1983
806812,1887
806816,1717
806820,1795
806824,2019
806828,2131
806832,1957
806836,1761
806840,1831
806844,2067
806848,2043
806852,1932
806856,1679
806860,1633
806864,2112
806868,2059
806872,1920
806876,1655
806880,1796
806884,2032
806888,1981
806892,1909
806896,1652
806900,1843
806904,2031
806908,1997
806912,1949
806916,1729
806920,1808
806924,2019
806928,2038
806932,1842
806936,1745
806940,1836
806944,2041
806948,1907
806952,1874
806956,1624
806960,1833
806964,1990
806968,1948
806972,1876
806976,1669
806980,1653
806984,1982
806988,2026
806992,1854
806996,1618
807000,1872
807004,2000
807008,2074
807012,1935
807016,1744
807020,1703
807024,1962
807028,2039
807032,1856
807036,1703
807040,1633
807044,1968
807048,2045
807052,1940
807056,1717
807060,1714
807064,1895
807068,2043
807072,1835
807076,1669
807080,1711
807084,1931
807088,2055
807092,1899
807096,1586
807100,1729
807104,1949
807108,2000
807112,1933
807116,1710
807120,1798
807124,1958
807128,2019
807132,1988
807136,1723
807140,1718
807144,1904
807148,2002
807152,1840
807156,1651
807160,1774
807164,1907
807168,1975
807172,1878
807176,1651
807180,1597
807184,1949
807188,2105
807192,1923
807196,1571
807200,1803
807204,1981
807208,1963
807212,1927
807216,1743
807220,1809
807224,1986
807228,2047
807232,1898
807236,1691
807240,1743
807244,1982
807248,2064
807252,1861
807256,1711
807260,1823
807264,1868
807268,1998
807272,1904
807276,1706
807280,1651
807284,2032
807288,1988
807292,1890
807296,1616
807300,1842
807304,2047
807308,2093
807312,1883
807316,1715
807320,1818
807324,2070
807328,2001
807332,1835
807336,1685
807340,1712
807344,2027
807348,2030
807352,1907
807356,1673
807360,1663
807364,1925
807368,1969
807372,1921
807376,1687
807380,1691
807384,1980
807388,2032
807392,1887
807396,1681
807400,1904
807404,1991
807408,1971
807412,1879
807416,1700
807420,1818
807424,1945
807428,2057
807432,1901
807436,1705
807440,1840
807444,1973
807448,1903
807452,1862
807456,1621
807460,1711
807464,1969
807468,2064
807472,1851
807476,1584
807480,1742
807484,1942
807488,1962
807492,1872
807496,1681
807500,1838
807504,1955
807508,1962
807512,1849
807516,1686
807520,1799
807524,1918
807528,2033
807532,1840
807536,1634
807540,1835
807544,1905
807548,2002
807552,1913
807556,1670
807560,1873
807564,1946
807568,1914
807572,1842
807576,1585
807580,1667
807584,1921
807588,1968
807592,1805
807596,1661
807600,1774
807604,1917
807608,1979
807612,1818
807616,1571
807620,1891
807624,1949
807628,2027
807632,1860
807636,1613
807640,1837
807644,1978
807648,1920
807652,1903
807656,1619
807660,1872
807664,1954
807668,1979
807672,1879
807676,1606
807680,1683
807684,1972
807688,1994
807692,1798
807696,1621
807700,1681
807704,1999
807708,1981
807712,1809
807716,1681
807720,1702
807724,1946
807728,1963
807732,1861
807736,1570
807740,1854
807744,1986
807748,1962
807752,1814
807756,1659
807760,1835
807764,1948
807768,1917
807772,1855
807776,1712
807780,1831
807784,1922
807788,2041
807792,1842
807796,1762
807800,1761
807804,1942
807808,2119
807812,1840
807816,1746
807820,1829
807824,1959
807828,2012
807832,1861
807836,1765
807840,1833
807844,1930
807848,1899
807852,1843
807856,1786
807860,1803
807864,1973
807868,2035
807872,1887
807876,1814
807880,1882
807884,1962
807888,2031
807892,1895
807896,1729
807900,1938
807904,2007
807908,2059
807912,1856
807916,1823
807920,1923
807924,1963
807928,1971
807932,1856
807936,1841
807940,1920
807944,1961
807948,1911
807952,1841
807956,1754
807960,1919
807964,1983
807968,1889
807972,1905
807976,1776
807980,1953
807984,1978
807988,1981
807992,1859
807996,1807
808000,1941
808004,1983
808008,2033
808012,1872
808016,1740
808020,1925
808024,2000
808028,1982
808032,1840
808036,1824
808040,1964
808044,1987
808048,2074
808052,1845
808056,1755
808060,1844
808064,1994
808068,1936
808072,1826
808076,1682
808080,1861
808084,2064
808088,2047
808092,1894
808096,1605
808100,1840
808104,1899
808108,2016
808112,1876
808116,1535
808120,1919
808124,2007
808128,2096
808132,1795
808136,1558
808140,1807
808144,1970
808148,1984
808152,1877
808156,1599
808160,1835
808164,1997
808168,1833
808172,1857
808176,1468
808180,1824
808184,1953
808188,2026
808192,1903
808196,1615
808200,1875
808204,2035
808208,1969
808212,1851
808216,1586
808220,1882
808224,1990
808228,2000
808232,1867
808236,1613
808240,1808
808244,1932
808248,1851
808252,1840
808256,1567
808260,1847
808264,1971
808268,1847
808272,1788
808276,1680
808280,1846
808284,1970
808288,1914
808292,1859
808296,1695
808300,1823
808304,2023
808308,1905
808312,1888
808316,1649
808320,1853
808324,2022
808328,2016
808332,1857
808336,1669
808340,1835
808344,1936
808348,1872
808352,1810
808356,1584
808360,1810
808364,1946
808368,1899
808372,1795
808376,1714
808380,1863
808384,1991
808388,1966
808392,1873
808396,1679
808400,1809
808404,1967
808408,1923
808412,1859
808416,1709
808420,1908
808424,2017
808428,2002
808432,1897
808436,1727
808440,1808
808444,1974
808448,1910
808452,1857
808456,1710
808460,1927
808464,1979
808468,1879
808472,1827
808476,1665
808480,1802
808484,1952
808488,1872
808492,1862
808496,1667
808500,1791
808504,1922
808508,1853
808512,1799
808516,1653
808520,1873
808524,2016
808528,1734
808532,1806
808536,1669
808540,1811
808544,1984
808548,1872
808552,1823
808556,1527
808560,1855
808564,1971
808568,1928
808572,1803
808576,1635
808580,1803
808584,1937
808588,1890
808592,1851
808596,1607
808600,1830
808604,2011
808608,1942
808612,1762
808616,1588
808620,1914
808624,2046
808628,1963
808632,1794
808636,1578
808640,1850
808644,2033
808648,2037
808652,1824
808656,1595
808660,1879
808664,1987
808668,1911
808672,1731
808676,1633
808680,1841
808684,1991
808688,1931
808692,1680
808696,1616
808700,1915
808704,2039
808708,1888
808712,1755
808716,1727
808720,1889
808724,2042
808728,1974
808732,1765
808736,1728
808740,1929
808744,2044
808748,1819
808752,1722
808756,1585
808760,1883
808764,2039
808768,1967
808772,1776
808776,1675
808780,1968
808784,2022
808788,1934
808792,1684
808796,1699
808800,1926
808804,2037
808808,1866
808812,1763
808816,1645
808820,1946
808824,2042
808828,2013
808832,1792
808836,1650
808840,1855
808844,2058
808848,2026
808852,1838
808856,1641
808860,1883
808864,2089
808868,1946
808872,1835
808876,1735
808880,1937
808884,2095
808888,2019
808892,1846
808896,1746
808900,1898
808904,2032
808908,1978
808912,1851
808916,1749
808920,1890
808924,2042
808928,2005
808932,1859
808936,1687
808940,1906
808944,2070
808948,1943
808952,1882
808956,1797
808960,1811
808964,1973
808968,1933
808972,1903
808976,1747
808980,1983
808984,2032
808988,2000
808992,1945
808996,1820
809000,1851
809004,2043
809008,1901
809012,1896
809016,1771
809020,1833
809024,2045
809028,2009
809032,1845
809036,1712
809040,1890
809044,2017
809048,1783
809052,1818
809056,1712
809060,1897
809064,2036
809068,1771
809072,1789
809076,1733
809080,1871
809084,2017
809088,1904
809092,1813
809096,1793
809100,1904
809104,1919
809108,1918
809112,1763
809116,1793
809120,1862
809124,2021
809128,1903
809132,1722
809136,1726
809140,1844
809144,1979
809148,2022
809152,1694
809156,1675
809160,1824
809164,1910
809168,1856
809172,1733
809176,1725
809180,1847
809184,2039
809188,1923
809192,1756
809196,1771
809200,1899
809204,1945
809208,1901
809212,1793
809216,1712
809220,1845
809224,1992
809228,1826
809232,1771
809236,1623
809240,1793
809244,1967
809248,1948
809252,1778
809256,1707
809260,1878
809264,1919
809268,1929
809272,1745
809276,1661
809280,1899
809284,2001
809288,1769
809292,1776
809296,1533
809300,1817
809304,1947
809308,1891
809312,1830
809316,1609
809320,1968
809324,1866
809328,1773
809332,1807
809336,1535
809340,1902
809344,1975
809348,1815
809352,1793
809356,1623
809360,1888
809364,1873
809368,1766
809372,1839
809376,1686
809380,1878
809384,2019
809388,1787
809392,1779
809396,1510
809400,1869
809404,1967
809408,1822
809412,1775
809416,1691
809420,1872
809424,1984
809428,1903
809432,1761
809436,1680
809440,1888
809444,1935
809448,1875
809452,1755
809456,1657
809460,1832
809464,1922
809468,1861
809472,1727
809476,1493
809480,1876
809484,1980
809488,1875
809492,1764
809496,1659
809500,1904
809504,1968
809508,1796
809512,1734
809516,1571
809520,1861
809524,1894
809528,1831
809532,1735
809536,1648
809540,1866
809544,2023
809548,1920
809552,1735
809556,1691
809560,1895
809564,1867
809568,1879
809572,1711
809576,1535
809580,1852
809584,1911
809588,1760
809592,1745
809596,1609
809600,1882
809604,1956
809608,1813
809612,1760
809616,1533
809620,1899
809624,1921
809628,1915
809632,1759
809636,1667
809640,1862
809644,1935
809648,1821
809652,1798
809656,1685
809660,1849
809664,1952
809668,1898
809672,1811
809676,1655
809680,1862
809684,1907
809688,1731
809692,1764
809696,1607
809700,1851
809704,1895
809708,1781
809712,1761
809716,1673
809720,1846
809724,1934
809728,1911
809732,1781
809736,1697
809740,1917
809744,2007
809748,1775
809752,1756
809756,1769
809760,1959
809764,2021
809768,1850
809772,1755
809776,1661
809780,1913
809784,1968
809788,1938
809792,1739
809796,1629
809800,1929
809804,1968
809808,1892
809812,1759
809816,1726
809820,1875
809824,1891
809828,1817
809832,1764
809836,1631
809840,1929
809844,1886
809848,1982
809852,1775
809856,1664
809860,1921
809864,2000
809868,1870
809872,1807
809876,1689
809880,1936
809884,2047
809888,1862
809892,1761
809896,1757
809900,1920
809904,1941
809908,1840
809912,1764
809916,1844
809920,1945
809924,2097
809928,1954
809932,1768
809936,1814
809940,1901
809944,2077
809948,1929
809952,1836
809956,1712
809960,1953
809964,2127
809968,1881
809972,1823
809976,1808
809980,1965
809984,2170
809988,1942
809992,1829
809996,1645
810000,1940
810004,2019
810008,1917
810012,1808
810016,1727
810020,1971
810024,2112
810028,1931
810032,1794
810036,1808
810040,1846
810044,2075
810048,1900
810052,1792
810056,1785
810060,1914
810064,2082
810068,1936
810072,1794
810076,1799
810080,1984
810084,2144
810088,1918
810092,1798
810096,1730
810100,1990
810104,2123
810108,1948
810112,1743
810116,1811
810120,1968
810124,2000
810128,1927
810132,1739
810136,1725
810140,2026
